author,authorbio,issueurl,pdfname,section,title,titlegroup
,,http://www.nyu.edu/calabash/vol1no1/contributors_vol1no1.shtml,,,,
OPAL PALMER ADISA,"  is seeking freedom and health.  
She is the author of It Begins With Tears, 1997, novel, and Leaf-Of-Life, 2000, poetry and other volumes.  
She tries for the work, whether poetry or prose, to speak directly and eloquently, to soothe aches and show other paths.",http://www.nyu.edu/calabash/vol1no1/contributors_vol1no1.shtml,,,,
MICHELA A. CALDERARO,", an Associate 
Editor of CALABASH, teaches English and Postcolonial Literature at the University of Trieste (Italy). She has written 
numerous articles on, among others, Henry James, Laurence Sterne and Lord Byron, as well as a book on Ford Madox Ford. 
Her critical study of James Joyce’s DUBLINERS is due out by the end of the year. Ms. Calderaro 
currently works on Anglophone Caribbean women writers and is completing a comparative study of 
Creole writers Jean Rhys, Phillys Shand Allfrey and Eliot Bliss.",http://www.nyu.edu/calabash/vol1no1/contributors_vol1no1.shtml,,,,
CHRISTIAN CAMPBELL,", a Trini-Bahamian, was born 
and raised in the Bahamas. He is a doctoral student in English at Duke University. His poetry has appeared in The 
Caribbean Writer, Atlanta Review, as well as other journals and anthologies.  ",http://www.nyu.edu/calabash/vol1no1/contributors_vol1no1.shtml,,,,
JAMES CARMICHAEL," is a secondary school 
teacher in Barbados.  He has won local and regional literary competitions and contributed to Voices I, an anthology of 
Bahamian Prose and poetry.",http://www.nyu.edu/calabash/vol1no1/contributors_vol1no1.shtml,,,,
ADRIAN CLARKE," left Barbados at age seventeen 
and  has spent the past twenty-seven years between Barbados and New York, mostly New York. An English instructor for 
three years, he holds a BA and an MA in English, and is presently completing a MFA in creative writing at 
Brooklyn College. School is an excerpt from a novel titled Befo’time, about a boy’s coming of age in 
Barbados from 1965-’73.",http://www.nyu.edu/calabash/vol1no1/contributors_vol1no1.shtml,,,,
MARSHA E. COBURN," is a graduate of the University 
of the West Indies.  She has received several prizes for her short stories from the Cultural Development Commission in Jamaica.  
She has had stories published in, among other places, the Jamaican Daily Gleaner.  She is currently 
working on a collection of short stories, and lives with her husband and their three children in Brooklyn, New York.",http://www.nyu.edu/calabash/vol1no1/contributors_vol1no1.shtml,,,,
LOUIS-PHILIPPE DALEMBERT:," Born in 1962 in Port-au-Prince, Haiti, Louis-Philippe Dalembert is a novelist and a poet.  As a world traveler, he has lived in different places.  He lived for twelve years in Paris where he went to the university and worked as a journalist.  In 1994-95, he resided in the famous Villa Medicis in Rome.  After a brief stay in his native Haiti (1996), he lived for a long period of time in Jerusalem.  While there he visited Palestine, Jordan.  His poetry is much influenced by the Middle East. Louis-Philippe Dalembert holds a degree from Port-au-Prince Ecole normale supérieure and from Paris School of journalism.  He wrote his doctoral thesis in comparative literature on the Cuban writer Alejo Carpentier at Paris III University New Sorbonne. Louis-Philippe Dalembert is now vice-secretary of culture at the Italo-Latino-Americano Institute in Rome. His published works include: L’Autre face de la mer; Le Crayon du Bon Dieu n’a pas de gomme; Le Songe d’une photo d’enface; Evangile pour les miens; et le soleil se souvient... suivi de pages cendres et palmes d’auble (Grand Prix de poésie de la ville d’Angers); Du temps et d’autres nostalgies; Ces iles de plein sel. Some of Louis-Philippe Dalembert’s works have been translated in Italian, Danish, Serb and Portuguese.",http://www.nyu.edu/calabash/vol1no1/contributors_vol1no1.shtml,,,,
ANNE FRANCOIS,", originally from Haiti, has been 
living in the United States for several years now.  She is completing a Ph.D. at New York University in French and Francophone literature.  
Presently, she is an Assistant Professor of French and Francophone Literature at Eastern College at St. Davids, in Pennsylvania.",http://www.nyu.edu/calabash/vol1no1/contributors_vol1no1.shtml,,,,
ANN WOOD FULLER," graduated from the University of Florida with a degree in English Literature. She did her postgraduate work in the Creative Writing Department under the guidance of William Logan and Debora Greger. She has published her work in the Cumberland Poetry Review, Departure, the Yalobusha Review, and The South Dakota Literary Project. She lives in a home she built in the woods of Micanopy, Florida.",http://www.nyu.edu/calabash/vol1no1/contributors_vol1no1.shtml,,,,
DANA GILKES," was born in Barbados and later 
emigrated to the U.S. where she received her Masters in English and Comparative Literature from Columbia University. She was adjudged the over-all winner of the 1997 Commonwealth Short Story Competition sponsored by the Commonwealth Foundation in London, and was a recent recipient of the Frank Collymore Literary Endowment Award, Barbados’ most prestigious literary award to date. Some of her poems and short stories have appeared in magazines and literary journals both at home in Barbados and abroad, including COMMONWEALTH BROADCASTER The magazine of the Commonwealth Broadcasting Association, POUI Cave Hill Literary Annual, published by the University of the West Indies, and BEYOND THE FRONTIER, an anthology published by Black Press. ",http://www.nyu.edu/calabash/vol1no1/contributors_vol1no1.shtml,,,,
JOSE B. GONZALEZ," is an Associate Professor of 
English at the US Coast Guard Academy.  He has published works in the Providence Journal, The New England Quarterly, The Teaching Professor, College Literature, and he has been nominated for the Pushcart Prize for a poem published in Melting Trees Review.",http://www.nyu.edu/calabash/vol1no1/contributors_vol1no1.shtml,,,,
DRISANA DEBORAH JACK," is at the articulate edge of a small and exciting batch 
of young St. Martiners who are simultaneously busy in literature, art, dance, song and music, lighting an unprecedented crop of creative fires.  In 1995 and again in 2000 she represented the Netherlands Antilles at CARIFESTA.  In 1996 she was granted a fellow at the Caribbean Writers Institute at the University of Miami.  Ms. Jack is the author of the collection of Poems The Rainy Season. A Graduate of Marist College, Ms. Jack is currently completing an MFA in the visual arts at SUNY, Buffalo.",http://www.nyu.edu/calabash/vol1no1/contributors_vol1no1.shtml,,,,
DEANNE KENNEDY," is a Barbadian writer, poet and artist. 
She has been keen on writing since childhood, and has had some success home and abroad. In September 1999 she was presented with an International Poet of Merit award in Washington, D. C., and in October 1999 she was invited to perform at a concert by a Barbadian group in Boston as she also writes in Barbadian dialect, and writes and sings calypsos. Her poetry has been published in several American anthologies. Deanne is married with three children. ",http://www.nyu.edu/calabash/vol1no1/contributors_vol1no1.shtml,,,,
ANU LAKHAN," was born and lives in Trinidad and 
Tobago. She has worked in advertising and as a film reviewer.  Currently she is a features editor at the Trinidad Express. Her stories, poems and reviews have been published in the Trinidad & Tobago Review, the Trinidad Guardian, the Trinidad Express, the Jamaica Observer, Prometheus, and Small Print. ",http://www.nyu.edu/calabash/vol1no1/contributors_vol1no1.shtml,,,,
CLIFFORD MASON," has been in theater for over thirty years, 
first as a playwright, then as an actor and finally a director.  He has also produced Equity Stock productions.  His plays have been performed in New York at Café La Mama, on Theater Row, and at Henry Street; in Connecticut at the O’Neill and in Los Angeles at the Mark Taper.  He’s acted for Public Theater, on PBS, on Theater Row, at La Mama and in Soaps.  Both the Daily News and the New York Times have favorably reviewed him as a director.  He’s also published many articles on theater and the arts in general in the New York Times, New York and Life magazines et. al., and he most recently appeared on A&E’s Biography of Sidney Poitier.",http://www.nyu.edu/calabash/vol1no1/contributors_vol1no1.shtml,,,,
DWIGHT MAXWELL," lives in New York, where he 
teaches creative writing at East Side Community high school.  He received a  MFA in Creative Writing from New York University.  He is published in such literary journals as: Callaloo, Force 10 (based in Ireland), Southern University of California Press and Die Aussensite Des Elementes (A German Journal of Arts and letters).  Dwight Maxwell has also performed readings at Hamburg Universitate, the Berlin Literature House and around the New York area.  He is currently working on a book of poems for publication by the Die Aussensite Des Elementes Press.",http://www.nyu.edu/calabash/vol1no1/contributors_vol1no1.shtml,,,,
SHARA McCALLUM," was born in Jamaica and emigrated to the US at the age of nine with her family. Her first book, The Water Between Us, won the 1998 Agnes Lynch Starrett Prize and was published in 1999 by the University of Pittsburgh Press. She currently lives in Tennessee and teaches at the University of Memphis. ",http://www.nyu.edu/calabash/vol1no1/contributors_vol1no1.shtml,,,,
THOHMAS McCONNELL,"’s fiction has appeared 
most recently in ORB Literary Magazine, published in Atlanta.  He teaches at the University of South Carolina, Spartanburg.",http://www.nyu.edu/calabash/vol1no1/contributors_vol1no1.shtml,,,,
,,http://www.nyu.edu/calabash/vol1no2/contributors_vol1no2.shtml,,,,
OPAL PALMER ADISA," writes what writes her, poems, stories, introspections. Her forthcoming novel, No Regrets, continues her style of fusing Caribbean and African folk-magic. Her other works are: It Begins With Tears, (novel); Leaf-of-Life; Tamarind and Mango Women; Traveling Women (poetry). She has read and has been published internationally.",http://www.nyu.edu/calabash/vol1no2/contributors_vol1no2.shtml,,,,
GIBI BACILIO,", from Curaçao, is both a writer and a prolific performer of his own poetry. He studied theater in the Netherlands, but came back to his native island, where he obtained a job in the field of education. 'Kueru market (Branded) published in 2000 by Carilexis is his first volume of poetry. Bacilio has a long history of reciting poetry, going back to as early as the ""roaring sixties"".",http://www.nyu.edu/calabash/vol1no2/contributors_vol1no2.shtml,,,,
FABIAN ADEKUNLE BADEJO,", who studied Caribbean literature in Spain, is an author and former Nigerian diplomat who has made St. Martin his home since 1981. In the early 1980s he was the director of the St. Maarten Council on the Arts, and from 1989 to the late 1990s he was the editor of the daily newspaper The St. Maarten Guardian. In 1989, Badejo’s Claude—A Portrait of Power was published by IFE International Publishing House. He has been deeply involved with the cultural and social life of the island, and has done extensive writing on politics and current affairs, and on the nation’s artists and artistic life. Badejo is one of the primary writers of the profiles in the book St. Martin Massive! A Snapshot on Popular Artists (House of Nehesi Publishers, 2000). ",http://www.nyu.edu/calabash/vol1no2/contributors_vol1no2.shtml,,,,
GERTHIE OWTRAM," holds a Masters in Journalism 
degree from Columbia University, and spent several years as a professional journalist.  She studied creative writing at The Writer’s Voice.  She is currently working on a book of essays about life in the Caribbean.  An Anthology of poetry entitled Three Jewels- Selected Poets will be published by an affiliated of Barnes and Nobles.  She has also completed a work of erotic fiction entitled Tropical Sensations of Natural Pleasures, and has published a chapbook of selected poems from earlier works called Then.  A featured reader of the New York Public Library Reading series, Poetry In The Branches, Ms. Owtram believes that all profound human experiences eventually become poetry.  Married with a son, she lives in the French West Indies and in New York.",http://www.nyu.edu/calabash/vol1no1/contributors_vol1no1.shtml,,,,
JENNIFER PALMER," has studied fiction at 
The Writer’s Voice and at Brooklyn College where she received an MFA in Fiction. She is also a graduate of Howard University and The Bank Street College of Education. Ms. Palmer is a recipient of a 1998 NYFA fellowship. This Trinidad and Tobago native is currently working on a novel, tentatively called, A Portrait of Bernadette.",http://www.nyu.edu/calabash/vol1no1/contributors_vol1no1.shtml,,,,
MIRIAM SA’UDA PEREZ," was born in New York 
City and raised in Brooklyn, NY. In 1993, while pregnant with her daughter, she took her first trip to Barbados - the homeland of her maternal grandparents. She studied creative writing at the City University of New York and as a participant in the National Book Foundation’s writing program. Her work will be featured in the forthcoming anthologies QUIET STORM and VINYL DONUTS. She lives in Brooklyn with her daughter. ",http://www.nyu.edu/calabash/vol1no1/contributors_vol1no1.shtml,,,,
FELIX DE ROOY," is a  filmmaker, visual artist, 
writer and theater-director. de Rooy, who was born in Curaçao,  has lived in Surinam and New York, and presently lives in the Netherlands.  He obtained a Master’s of Fine Arts degree in film directing from New York University.  Presently, he teaches film directing and film analysis at the Open Studio in Amsterdam.  He is also a columnist for Contrast, a weekly magazine.  Mr. Rooy has been awarded numerous awards for his creative works, and has been included in several exhibitions.  His films, Ava and Gabriel, and Almacita di Desolato, are very well known. ",http://www.nyu.edu/calabash/vol1no1/contributors_vol1no1.shtml,,,,
JUNE SPALDING," tries for her poetry to represent disparate perspectives flavored by distinct subtleties. Her diverse background enriches a poetic background that wrestles with the peculiar tensions and vantage-point of two homelands: one florida, and the other the Caribbean.",http://www.nyu.edu/calabash/vol1no1/contributors_vol1no1.shtml,,,,
CAROLLE BOURNE,", a product of St Vincent, Windward Islands, began a writing career in Trinidad as an advertising copywriter, moving on to journalism and the United States before settling in Barbados in the late seventies. A writer for all seasons, there's a poetry collection set for publication in 2001.",http://www.nyu.edu/calabash/vol1no2/contributors_vol1no2.shtml,,,,
DOMINIQUE BREBION," Titulaire d'un DEA de lettres modernes Les Armes Miraculeuses  D'aimé Césaire et Les Armes Enchantées de Wijredo Lam ou le Dialogue du Scriptural et de Figural. Diplomée de L'Ecole Supérieure de Journalisme (Paris); Conseiller pour les arts plastiques á la Direction R&eacutp;gionale des Affaires culturelles de Martinique (Ministere de la Culture) depuis 1987; Vice - présidente de l'AICA Caraibes du sud; Fondatrice de la revue ARTHEME.",http://www.nyu.edu/calabash/vol1no2/contributors_vol1no2.shtml,,,,
MICHAEL A. BROWN," Received his BA (honors) in art history from McGill University in Montreal and MA from the Institute of Fine Arts, NYU, where he is currently a PhD candidate. His areas of research include Spanish art of the 17th and 18th centuries, Latin American art during the colonial period, and 20th century Mexican and Puerto Rican art. He is currently working on a doctoral dissertation on portraiture in Mexico and the Spanish Caribbean during the 17th and 18th centuries.",http://www.nyu.edu/calabash/vol1no2/contributors_vol1no2.shtml,,,,
MICHELA A. CALDERARO,", an associate editor of CALABASH, teaches English and postcolonial literature at the University of Trieste (Italy). She has written numerous articles on, among others, Henry James, Laurence Sterne and Lord Byron, as well as a book on Ford Madox Ford. Her critical study of James Joyce's Dubliners is due out by the end of the year. Ms. Calderaro currently works on Anglophone Caribbean women writers and is completing a comparative study of Creole writers Jean Rhys, Phyllis Shand Allfrey and Eliott Bliss.",http://www.nyu.edu/calabash/vol1no2/contributors_vol1no2.shtml,,,,
MARIANNA DE TOLENTINO," is an art critic 
based in the Dominican Republic.  She is the Director of Centro Cultural Cariforo, and is an art critic for the Listin Dario (Dominican Republic), and an art correspondent for Art Nexus, a Colombian art magazine.  She is president of the Dominican Art Critics Association, and an International Member of the International Art Critics Association.  She served as an International Juror at Arte’99, a visual arts competition and exhibition held in Curaçao in 1999, featuring the visual arts of Aruba and the Netherlands Antilles.",http://www.nyu.edu/calabash/vol1no1/contributors_vol1no1.shtml,,,,
LIDIA TORRES," lives in Brooklyn. 
Her poems have appeared in The Massachusetts Review, Hayden’s Ferry Review, and are forthcoming in Bilingual Review/Revista Bilingue and the Beacon Best of 2000.",http://www.nyu.edu/calabash/vol1no1/contributors_vol1no1.shtml,,,,
EVIE VERNON," defines herself as an 
Anglican deaconess, womanist theologian, ecumenicist, mother of one son, writer.",http://www.nyu.edu/calabash/vol1no1/contributors_vol1no1.shtml,,,,
,,http://www.nyu.edu/calabash/vol1no1/contributors_vol1no1.shtml,,,,
MYRIAM J.A. CHANCY,", is a Haitian writer, poet and essayist. Her most recent books are Framing Silence: Revolutionary Novels by Haitian Women (Rutgers UP, 1997) and Searching for Safe Spaces: Afro-Caribbean Women Writers in Exile (Temple UP, 1997); the latter is a recipient of an Outstanding Academic Book Award from the editor's of Choice, the journal of the American Library Association. The interview in CALABASH is part of a longer dialogue which will appear in her upcoming work, Indigo Dreams: Haiti, the Dominican Republic, and Cuba.",http://www.nyu.edu/calabash/vol1no2/contributors_vol1no2.shtml,,,,
EDWIDGE DANTICAT," is the author of two novels, Breath, Eyes, Memory, and The Farming of Bones, and a collection of short stories, Krik? Krak! She is also the editor of The Beacon Best of 2000 and The Butterfly's Way: Voices from the Haitian Dyaspora in the United States",http://www.nyu.edu/calabash/vol1no2/contributors_vol1no2.shtml,,,,
GERARD DAPENA, is a doctoral candidate in Art History at the City University of New York. He is also a faculty member at Parsons School of Design. His dissertation examines the dialogue between Spain's cinema and its pictorial tradition in the early Post-Civil War era. His research interests include Latin American Art and cinema.,http://www.nyu.edu/calabash/vol1no2/contributors_vol1no2.shtml,,,,
NYDIA ECURY,Aruba born ,http://www.nyu.edu/calabash/vol1no2/contributors_vol1no2.shtml,,,,
WINSTON FARRELL," is the Cultural Arts Officer at the Barbados Youth Service. As a theater arts practitioner, Winston has been consistent as an actor for 25 years performing in over two dozen plays. His poetry has been published in a number of journals and anthologies. He is also a well known dub/performing poet.",http://www.nyu.edu/calabash/vol1no2/contributors_vol1no2.shtml,,,,
SAM GARRETT'S," translations of narratives and poetry have appeared in many publications. Born in the United States, he lives in Amsterdam where he is a poet and a freelance translator.",http://www.nyu.edu/calabash/vol1no2/contributors_vol1no2.shtml,,,,
,,http://www.nyu.edu/calabash/vol2no1/contributors_vol2no1.shtml,,,,
ROSE MARY ALLEN," isa scholar and researcher 
from Curaçao, who has organized several events related to the arts and 
culture of the Netherlands Antilles. She has been widely published.",http://www.nyu.edu/calabash/vol2no1/contributors_vol2no1.shtml,,,,
JACQUELINE BISHOP," is the founding editor of 
Calabash: a journal of Caribbean Arts and Letters. She holds both an MA in English and 
an MFA in Creative Writing from New York University. The recipient of several prizes, 
fellowships and creative writing awards, she has published short stories and poetry, 
in, among others, The Caribbean Writer, Callaloo and Crab Orchard Review.",http://www.nyu.edu/calabash/vol2no1/contributors_vol2no1.shtml,,,,
SUSAN BRENNAN," is currently a graduate student 
of creative writing at New York University. She has previously studied with Donna 
Masini and organized poetry readings throughout New York City. Susan is also a member 
of the theatre company, Collapsable Giraffe. ",http://www.nyu.edu/calabash/vol2no1/contributors_vol2no1.shtml,,,,
,,http://www.nyu.edu/calabash/vol1no1/contributors_vol1no1.shtml,,,,
,,http://www.nyu.edu/calabash/vol2no2/contributors_vol2no2.shtml,,,,
OPAL PALMER ADISA," is a writer of poems, stories, 
        introspections. She has published several works: It Begins With Tears 
        (novel); Leaf-of-Life, Tamarind and Mango Women, and Traveling Women (poetry). 
        Her forthcoming novel is entitled, No Regrets. She has been published 
        internationally.",http://www.nyu.edu/calabash/vol2no2/contributors_vol2no2.shtml,,,,
NICOLETTE BETHEL," was born in The Bahamas 
        and educated in Nassau, Canada and Britain. At present, she is a lecturer 
        at The College of The Bahamas in the Schools of English Studies and Social 
        Sciences. She holds a Ph.D. in Social Anthropology from the University 
        of Cambridge, and is a researcher in the fields of Bahamian national identity 
        and of Junkanoo. She is the editor of Junkanoo: Festival of The Bahamas 
        (Macmillan Caribbean, 1991), as well as a playwright, poet and writer 
        of fiction. Her fiction and poetry have appeared in various collections, 
        among them The Oxford and Cambridge May Anthologies; Review: Latin American 
        Literature and Arts; The Amherst Review; and The Caribbean Writer, as 
        well as several other journals. Most recently, her play Powercut was made 
        into an independent film (Plantation Pictures, 2001). She lives in Nassau.",http://www.nyu.edu/calabash/vol2no2/contributors_vol2no2.shtml,,,,
,,http://www.nyu.edu/calabash/contributors.shtml,,,,
"Dr. Opal Palmer Adisa, ","Jamaica-born, is a sought-after speaker who has lectured throughout the United States, South Africa, Ghana, Nigeria, Germany, England and Prague. An award-winning poet and prose writer Dr. Adisa has eleven titles to her credit, including the novel, It Begins With Tears (1997), that Rick Ayers proclaimed as one of the most motivational works for young adults. She has been a resident artist in internationally acclaimed residencies such as Binational Fulbright Institute (Egypt), Sacatar Institute (Brazil) and Headlines Center for the Arts (California, USA). Opal Palmer Adisa’s work has been reviewed by Ishmael Reed, Al Young, and Alice Walker (Color Purple), who described her work as “solid, visceral, important stories written with integrity and love.”",http://www.nyu.edu/calabash/contributors.shtml,,,,
"Gwyneth Barber-Wood, ","Though she came late to poetry, Gwyneth Barber-Wood made up for it with an all-consuming passion and dedication to the craft; and her poetry deepened emotionally and grew in mastery, year by year. She was a regular contributor to the Jamaica Observer Arts Magazine and, latterly, the Sunday Gleaner Arts Section. Her first collection, The Garden of Forgetting, was published by Peepal Tree Press (Leeds, England) in 2005; a second collection is forthcoming.  At her death, Barber-Wood was one of Jamaica's leading poets and was acquiring an international reputation.",http://www.nyu.edu/calabash/contributors.shtml,,,,
SHAYLA HAWKINS," is a 24-year-old native Detroiter whose writings have been appeared in, among other publications, California Quarterly, Maryland Review, Windsor Review, Paris/Atlantic, and Poets & Writers. She currently works as an associate editor, but would instantly leave the United States and become a full-time Caribbean beachcomber if she could afford it.",http://www.nyu.edu/calabash/vol1no2/contributors_vol1no2.shtml,,,,
JOHN KEENE," is the author of the award-winning novel Annotations and the recently completed poetry collection Heroic Figures. His work, which has been published widely, has garnered numerous honors. He has taught at NYU for several years and currently is the Simon Blattner Visiting Assistant Professor of Creative Writing at Northwestern University.",http://www.nyu.edu/calabash/vol1no2/contributors_vol1no2.shtml,,,,
DEANNE KENNEDY," is a Barbadian writer, poet and artist. She also does political cartoons, illustrates Christmas cards and paper, and makes original, one of a kind dolls. Her work has been published in five 'International Society of Poetry' anthologies, as well as in several collections in her own country. In September 1999 she received an International Poet of Merit Award in Washington D.C. and in October 1999 she was invited to perform at a concert by a Barbadian group in Boston, as she writes in Barbadian dialect, and also writes and sings her own calypsoes. Deanne is married with three children.",http://www.nyu.edu/calabash/vol1no2/contributors_vol1no2.shtml,,,,
SHARA MCCALLUM,"From Kingston, Jamaica, ",http://www.nyu.edu/calabash/vol1no2/contributors_vol1no2.shtml,,,,
TONY MONSANTO," was born in Curaçao, Netherlands Antilles in 1946. His family moved to the Netherlands when he was nine years old. He was educated at the State Academy of Fine Arts (Rijksacademie voor beeldende kunst), Amsterdam. He also graduated as an architect from the University of Delft, the Netherlands and has worked in Germany, the Netherlands and Curacao (Netherlands Antilles). Since 1992 he has worked exclusively as a visual artist, and lives in Curaçao.",http://www.nyu.edu/calabash/vol1no2/contributors_vol1no2.shtml,,,,
GERTHIE OWTRAM,", a New Yorker, holds a Masters degree in Journalism from Columbia University. She spent several years as a professional journalist with CBS News, Newsweek and Associated Press as a reporter/researcher in New York and the West Indies. In addition to being previously published in CALABASH, she has also published articles in Islander Magazine and in The Journal of Specialized English of the University of the French West Indies, where she taught English for a number of years. She is presently on sabbatical from her position as Head of the Foreign Language Division for the Chamber of Commerce in Martinique. Married with a son, she lives in the French West Indies and in New York where she produces a television series for Manhattan Neighborhood Network cable stations.",http://www.nyu.edu/calabash/vol1no2/contributors_vol1no2.shtml,,,,
MICHELA A. CALDERARO,", an editor of Calabash, 
teaches English and Post colonial literature at the University of Trieste (Italy). 
She has written numerous articles on, among others, Henry James, Laurence Sterne and 
Lord Byron, as well as a book on Ford Madox Ford. She also works extensively on 
Caribbean women writers.",http://www.nyu.edu/calabash/vol2no1/contributors_vol2no1.shtml,,,,
CHRISTIAN A. CAMPBELL,", a Trini-Bahamian, was 
born and raised in the Bahamas. He is a doctoral student in English at Duke University. 
His poetry has appeared in The Caribbean Writer, Atlanta Review, as well as other 
journals and anthologies.",http://www.nyu.edu/calabash/vol2no1/contributors_vol2no1.shtml,,,,
JAMES CARMICHAEL," is a French and Spanish 
translator and interpreter who is currently residing in Sheffield, England, 
where he has just completed a Master's degree in computer science. He is 
currently working on his first novel as well as a collection of what he terms 
""third world science fiction"" short stories.",http://www.nyu.edu/calabash/vol2no1/contributors_vol2no1.shtml,,,,
GUS EDWARDS," is from St. Thomas, V.I. in the 
Caribbean. Between 1977 and 1993 he had 9 plays presented at the famed Negro Ensemble 
Company, making him (along with Charles Fuller) that Company's most produced playwright. 
In 1985 he co-authored the TV adaptation of James Baldwin's novel, Go tell It On The 
Mountain, and in 1998 co-authored the narration for the PBS American Masters documentary,
 The Negro Ensemble Company. Currently, he is a tenured Associate Professor at Arizona State University.",http://www.nyu.edu/calabash/vol2no1/contributors_vol2no1.shtml,,,,
DANIELLE LEGROS GEORGES," is a writer and translator. 
Her first book of poems, Maroon, was recently published by Curbstone Press.",http://www.nyu.edu/calabash/vol2no1/contributors_vol2no1.shtml,,,,
MAGGIE HARRIS," was born in Guyana in 1954 and 
immigrated to England in 1971. She attended the University of Kent, Canterbury, as 
a mature student and attained a BA in African/Caribbean Studies and an MA in Post-Colonial 
Studies. A creative writing tutor, she has won many awards, the most prestigious so far, 
the Guyana Prize for Literature, 2000, for her first collection of Poetry, Limbolands, 
(Mango Publishing, UK). Limbolands has also been submitted for the Casa de Las Americas 
Award 2000-2001.",http://www.nyu.edu/calabash/vol2no1/contributors_vol2no1.shtml,,,,
CHRISTIAN CAMPBELL,", a Trinidadian-Bahamian 
        poet and critic, was born and raised in The Bahamas. His work has appeared 
        in The Caribbean Writer, Calabash, Atlanta Review, International Poetry 
        Review and other journals. He is currently reading English at Balliol 
        College, University of Oxford on a Commonwealth Caribbean Rhodes Scholarship 
        and completing his first collection of poetry. ",http://www.nyu.edu/calabash/vol2no2/contributors_vol2no2.shtml,,,,
LOUIS-PHILIPPE DALEMBERT’S," published 
        works include: L’Autre face de la mer; Le Crayon du Bon Dieu n’a 
        pas de gomme; among others. His works have been translated in Italian, 
        Danish, Serb and Portuguese. Born in Port-au-Prince, Haiti, he now lives 
        in Paris, France. ",http://www.nyu.edu/calabash/vol2no2/contributors_vol2no2.shtml,,,,
LILA DÍAZ,", (Santiago de Chile, 1975) 
        is a poet and a visual artist. She studied design in Chile and currently 
        is studying sculpture at the School of Visual Arts in New York. Her artistic 
        work has always combined poetry with visual arts, as in the audiovisual 
        poem ""Géneros"" (1996), shown in the Costa Rica Short 
        Film Festival and the Santiago International Book Fair. In 1997 she was 
        granted a Creative Writing Fellowship for the Pablo Neruda Poetry Workshop. 
        She has published two books of poetry: ""Cacería"" (Editorial 
        RIL, 1999) and ""Léxico Fuego"" (Editorial del Temple, 
        2001).",http://www.nyu.edu/calabash/vol2no2/contributors_vol2no2.shtml,,,,
GARFIELD ELLIS," was a James Michener fellow 
        to the Caribbean Writers Summer Institute at the University of Miami in 
        1992 and 1993. He later received a full scholarship to The University 
        of Miami where he completed his Master of Fine Arts degree. He is now 
        the Operations Manager at the Jamaica Observer. Ellis’s writing 
        has been widely published. His story Breeze won the Heineman/Lifestyle 
        short story competition in 1990 and Caney has been included in Longman’s 
        Caribbean New Voices collection for 1996. Another short story was published 
        in the Winter 1997 issue of Callaloo. His first collection Flaming Hearts 
        and other Stories won the prestigious Una Marson Award for adult fiction 
        in the Jamaica National literary awards. In 1999, his novel (manuscript), 
        Till I’m laid To Rest, also won the Una Marson Award for Adult Fiction. 
        His newest Collection, Wake Rasta and Other Stories was published in January 
        2002. Macmillan Publishers will be putting out his novel, Such As I Have.",http://www.nyu.edu/calabash/vol2no2/contributors_vol2no2.shtml,,,,
 PHEBUS ETIENNE,"Born in Port-au-Prince, Haiti,",http://www.nyu.edu/calabash/vol2no2/contributors_vol2no2.shtml,,,,
"Cheryl Boyce-Taylor, ","Born in Trinidad and raised in New York City Cheryl Boyce-Taylor is a poet and teaching artist. She is the author of three collections of poetry, Convincing the Body, Night When Moon Follows, and Raw Air. Boyce-Taylor's poems have been included in numerous literary journals, including, The Mom Egg, Bowery Women, Voices Rising, Callaloo, and Carry the Word. She works as a Poetry Mentor for Urban WordNYC, and is currently enrolled at Stonecoast MFA Program at the University of Southern Maine.",http://www.nyu.edu/calabash/contributors.shtml,,,,
"Michela A. Calderaro, ","an Associate Editor of Calabash: A Journal of Caribbean Arts and Letters, teaches English and Postcolonial Literature at the University of Trieste (Italy). Ms. Calderaro, whose critical works include a book on Ford Madox Ford and numerous articles on British, American and Anglophone Caribbean women writers, is currently working on Creole writer Eliot (Eileen) Bliss’s biography.  Her edition of unpublished poems by Eliot Bliss is due out by Fall 2008.",http://www.nyu.edu/calabash/contributors.shtml,,,,
"Myriam J. A. Chancy, ","Ph.D., is a Haitian writer born in Port-au-Prince, Haiti, and educated in Québec City, Winnipeg and Halifax. Her first novel, Spirit of Haiti (London : Mango Publications, 2003), was a finalist in the Best First Book Category, Canada/Caribbean region, of the Commonwealth Prize 2004.  She is also the author of two books of literary criticism, Framing Silence: Revolutionary Novels by Haitian Women (Rutgers UP, 1997) and Searching for Safe Spaces: Afro-Caribbean Women Writers in Exile (Temple UP, 1997).  Searching for Safe Spaces was awarded an Outstanding Academic Book Award 1998 by Choice, the journal of the American Library Association.  She is also the author of a second novel, The Scorpion's Claw (Peepal Tree Press, 2005).  Her work as the Editor-in-Chief of the Ford funded academic/arts journal, Meridians: feminism, race, transnationalism (2002-2004) was recognized with the Phoenix Award for Editorial Achievement (2004).  She has just completed a third novel entitled, The Loneliness of Angels, a memoir, Fractured, and is at work on a book length academic work entitled, Floating Islands: Cosmopolitanism, Transnationalism and Racial Identity Formation.  She is currently Professor of English at Louisiana State University in Baton Rouge, Louisiana.",http://www.nyu.edu/calabash/contributors.shtml,,,,
Brian Carey Chung ,"choreographer and poet, is currently an MFA student and adjunct professor in creative writing at New York University. He is a member of Squaw Valley Community of Writers, and has been published in Open City, Spoon River Poetry Review, Fourteen Hills, Modern Words, and the San Francisco Bay Guardian where he was a winner of its 13th annual competition. Prior to returning to school, Brian performed as principle dancer and soloist in the companies of internationally acclaimed choreographers Karole Armitage, Alonzo King, and Dwight Rhoden. He has taught master classes and guest lectured on dance at New York University, University of Arizona, Stanford University, and University of Hawaii. Additionally, he has served as rehearsal assistant to Mr. Rhoden's company for its 2005 New York season, as ballet master to Ballet Folklorico de San Francisco, and on the faculties of San Francisco Dance Center and Peridance in New York. As a choreographer, Brian has created ballets for the Santa Barbara Ballet, Cedar Lake Ensemble II, and Luna Negra Dance Theatre. This summer, Brian will be the assistant choreographer to Karole Armitage in the Public Theatres production of Hair.",http://www.nyu.edu/calabash/contributors.shtml,,,,
Frances-Marie Coke ,"is a Senior Teaching Fellow-Mona School of Business, University of The West Indies.  Ms. Coke’s first book of poetry The Balm of Dusk Lilies was published by The Observer Literary Publications in 2001. Her poems have also been published in Bearing Witness 1, Bearing Witness 2 and Bearing Witness 3 – anthologies published by The Jamaica Observer Literary Publications. She has been the winner of several JCDC awards for poetry and short stories, and has won a National Book Development Council Special Award for her collection of poems.",http://www.nyu.edu/calabash/contributors.shtml,,,,
ERNEST PEPIN," is a novelist and a poet, born in Guadeloupe in 1950. He was the recipient of several prizes and awards. His work includes 3 novels: L'Homme au baton, Tambour-Babel, Le tango de la haine.",http://www.nyu.edu/calabash/vol1no2/contributors_vol1no2.shtml,,,,
FELIX DE ROOY," isa filmmaker, visual artist, writer and theater-director, de Rooy, who was born in Curaçao, has lived in Surinam and New York, and presently lives in the Netherlands. He obtained a Master's of Fine Arts in film directing from New York University. Presently, he teaches film directing and film analysis at The Open Studio in Amsterdam. He is also a columnist for Contrast, a weekly magazine. Mr. de Rooy has been awarded numerous awards for his creative works, and has been included in several exhibitions. His films, Ava and Gabriel and Almacita diDesolato, are very well known.",http://www.nyu.edu/calabash/vol1no2/contributors_vol1no2.shtml,,,,
ROBERT EDISON SANDIFORD," isa Canadian writer of Barbadian descent whose work has appeared in The Globe and Mail, Another Chicago Magazine, Caribbean Travel & Life, Paramour, and The Comics Journal, among other publications. He is the author of Winter, Spring, Summer, Fall: Stories (Empyreal Press/The Independent Press, Montreal) as well as Attractive Forces and the forthcoming Stray Moonbeams (NBM Publishing, New York). He is also the arts and entertainment editor of The Nation newspaper in Barbados. Recently, he completed his first full-length novel, Squirrels.",http://www.nyu.edu/calabash/vol1no2/contributors_vol1no2.shtml,,,,
HAZEL SIMMONS-MCDONALD," is a St. Lucian who teaches Applied Linguistics at the University of the West Indies in Barbados. She writes poetry and fiction for adults and children. Her work has appeared in the following journals: Savacou, The Literary Review, Malahat Review and Pathways as well as in anthologies of Caribbean poetry. Hazel organises the Summer workshops in creative writing for the Cave Hill campus.",http://www.nyu.edu/calabash/vol1no2/contributors_vol1no2.shtml,,,,
CLAIRE INCE," is a Barbadian writer living in New 
York. An MFA graduate of NYU's Dramatic Writing Program, her work has appeared in Ma 
Comere, The Caribbean Writer, Panache, Viva Magazine and The Waverly Review. She was 
the 2000 recipient of the Miller Cutting Edge Award for Short Fiction.",http://www.nyu.edu/calabash/vol2no1/contributors_vol2no1.shtml,,,,
CHRISTINE Y. KIM," is an assistant curator at 
The Studio Museum in Harlem.",http://www.nyu.edu/calabash/vol2no1/contributors_vol2no1.shtml,,,,
QURAYSH ALI LANSANA," is the author of two poetry 
collections, including Southside Rain (Third World Press, 1999), a children's book, a 
PBS award-winning poetry video, and is co-editor of Role Call: A Generational Anthology 
of Social and Political Black Literature and Art (Third World Press, 2001) and editor of 
Glencoe/McGraw-Hill's Literature Library: African American Literature Reader and two 
anthologies of young adult writing. He is currently an editor at Holt, Rinehart and Winston 
and serves on the advisory board of the Academy of American Poets Operation Seed Online 
Classroom. He has been a literary teaching artist for over a decade. Quraysh is a University 
Fellow in the Creative Writing Program at New York University. In 1999, Quraysh was awarded 
the Henry Blakely Award, presented by the late Gwendolyn Brooks.",http://www.nyu.edu/calabash/vol2no1/contributors_vol2no1.shtml,,,,
ENITH MARTIN WILLIAMS," was born in James Hill, Clarendon, 
Jamaica. At age 11 she migrated with her family to New York City. A Graduate of Williams College 
she attended Fordham University Graduate School of Education. In 1995 Enith returned with her 
two children to live in Jamaica. She has had a number of short stories published in the ""Jamaican 
Observer Arts Magazine"" and her short story ""Patrick"" was published in ""Bearing Witness, the Best 
of the Observer Arts Magazine"" an Anthology published by the Jamaica Observer Newspaper. Enith 
began writing in the year 2000.",http://www.nyu.edu/calabash/vol2no1/contributors_vol2no1.shtml,,,,
SHARA MCCALLUM," was born in Kingston, Jamaica and raised 
in the United States. Currently she lives in Tennessee and teaches at the University of Memphis.
 Her first collection of poems, The River Between Us, was published in 1999.",http://www.nyu.edu/calabash/vol2no1/contributors_vol2no1.shtml,,,,
PAMELA MORDECAI," was born and raised in Jamaica. 
Her poetry has appeared in Journals, anthologies and textbooks published in Canada, 
the UK, the USA, Germany and the Caribbean. A prolific anthologist devoted to the 
exposition of the work of women from the Caribbean, she has edited/ co-edited several 
anthologies, including Jamaica Woman, From Our Yard, and Her True-True Name. In 1993, 
Ezra's Goldfish and other Storypoems, a collection for children, won Jamaica's inaugural 
Vic Reid Award for Children's Literature.",http://www.nyu.edu/calabash/vol2no1/contributors_vol2no1.shtml,,,,
ROXANNA FONT," is a poetry editor of the Bellevue 
        Literary Review. She received her MFA from New York University and has 
        been awarded writing residencies at Hedgebrook and the Djerassi Institute. 
        She lives in San Francisco.",http://www.nyu.edu/calabash/vol2no2/contributors_vol2no2.shtml,,,,
PEGGY GARRISON," teaches creative writing at 
        New York University and is a writer in residence for Teachers and Writers 
        Collective. She has published several books of poems, including Ding the 
        Bell, Charing Cross Bridge and other Poems, and, with David Quintavalle, 
        With Candor. She has been widely published in literary magazines and earned 
        an MA in Creative writing from The City College of New York.",http://www.nyu.edu/calabash/vol2no2/contributors_vol2no2.shtml,,,,
MAGGIE HARRIS," was born in Guyana and has 
        lived in the UK since 1971. Her first collection, Limbolands won the Guyana 
        Prize for Literature 2000. She has performed her work in the UK, Europe, 
        Ireland and the Caribbean, and regularly works with other artists of different 
        disciplines. She works as a Reader Development Worker for Kent Libraries 
        and has just won an award from East England Arts to write a collection 
        of poems for children, Anansi Meets Miss Muffet. She is also writing a 
        memoir of her childhood in Guyana.",http://www.nyu.edu/calabash/vol2no2/contributors_vol2no2.shtml,,,,
ALBA DELIA HERNANDEZ," is a fiction writer 
        who was born in Puerto Rico and raised in Bushwick, Brooklyn. She has 
        received several honors and awards including the Bronx Council of the 
        Arts First Chapter Award and Columbia University's Outstanding Achievement 
        Award in Literature and Writing. She is a summa cum laude graduate of 
        Columbia University where she also received Phi Beta Kappa honors. She 
        gives many thanks to Columbia University’s HEOP Program for the 
        many blessings it brought into her life. Ms. Hernandez is currently Program 
        Director of Teachers & Writers Collaborative, a non-profit organization 
        that sends writers into the public schools to teach creative writing.",http://www.nyu.edu/calabash/vol2no2/contributors_vol2no2.shtml,,,,
DEBORAH JACK," is Assistant Professor of Photography 
        at the University of Buffalo, where she also received her MFA in the visual 
        arts. Her work has been included in several shows and exhibitions. Ms. 
        Jack is also the author of the poetry collection, The Rainy Season, published 
        by the House of Nehesi Press and has had work published in Calabash. She 
        divides her time between Buffalo and St. Martin. ",http://www.nyu.edu/calabash/vol2no2/contributors_vol2no2.shtml,,,,
JACQUELINE JOAN JOHNSON," is a multi-disciplined 
        writer working in the areas of poetry, books for children, non-fiction 
        and fiction. A graduate of New York University and CUNY, she currently 
        resides in Brooklyn, New York and is a native of Philadelphia, PA. She 
        is the winner of the 1997 third annual White Pine Press Award for Poetry. 
        Her poetry book A Gathering of Mother Tongues was published by White Pine 
        Press in the spring of 1998. Ms. Johnson is a 2002 Cave Canem fellow and 
        she teaches poetry as Frederick Douglas Creative Arts Center in New York 
        City. She is at work on two new projects: a book of poems ""The Place 
        Where Memory Dwells,"" and a novel.",http://www.nyu.edu/calabash/vol2no2/contributors_vol2no2.shtml,,,,
Steven Cramer ,"is the author of four poetry collections: The Eye that Desires to Look Upward, The World Book, Dialogue for the Left and Right Hand, and Goodbye to the Orchard (2004), which was named a 2005 Massachusetts Honor Book and won the Sheila Motton Award from the New England Poetry Club.  His poems and criticism have appeared in The Atlantic Monthly, The Nation, The New Republic, The Paris Review, Partisan Review, Poetry, Triquarterly, and elsewhere.  Recipient of fellowships from the Massachusetts Artists Foundation and the National Endowment for the Arts, he directs the MFA program in creative writing at Lesley University in Cambridge, Massachusetts. ",http://www.nyu.edu/calabash/contributors.shtml,,,,
Carroll Edwards ,"Born in Clarendon, Jamaica, Carroll Edwards attended St. Hugh’s High School, The University of the West Indies, Mona Campus and Carleton University in Ottawa, Canada where she pursued post graduate studies in Journalism. She worked in the civil service and the media before joining the staff of the University of the West Indies where she is currently Senior Assistant Registrar (Public Relations) and part-time Lecturer at the Caribbean Institute of Media and Communication. Her short stories have appeared in the Observer Literary Arts Magazine, the Sunday Gleaner Arts Section and Bearing Witness. Writing is a hobby and she has received gold, silver and bronze medals as well as the 2006 Choice Writer Trophy in the Jamaica Cultural Development Commission (JCDC) annual Creative Writing Competition.",http://www.nyu.edu/calabash/contributors.shtml,,,,
Verna George,"has been a member of the Wayne Brown Writing Workshop (Kingston, JA) since 2001. Her poems have appeared in local newspapers (The Jamaica Observer and The Sunday Gleaner); Bearing Witness 3: The Best of the Observer Literary Arts Magazine 2002;  The Caribbean Writer; Kunapipi; Calabash: A Journal of Caribbean Arts and Letters; and Caribbean Writing Today.  Awards include: 2nd place in the Jamaica Observer's Annual Arts Magazine Awards (2003, 2004 and 2005) and silver and bronze medals in the Jamaica Cultural Development Corporation National Literary Arts Competition 2001.  In 2007 she completed a MFA in Creative Writing (poetry) at Lesley University (Cambridge, MA). A librarian at the University of the West Indies (Mona) Library, she is married with two sons.",http://www.nyu.edu/calabash/contributors.shtml,,,,
Danielle Legros Georges ,"is a writer, translator, the author of a volume of poems, Maroon (Curbstone Press, 2001). Her work has also appeared in journals including Agni, Black Renaissance Noire, and Callaloo, in anthologies including Step Into a World:  A Global Anthology of the New Black Literature; The Butterfly’s Way:  Voices from The Haitian Dyaspora in the United States; Bum Rush the Page; Role Call: A Generational Anthology of Social and Political Black Literature and Art; and Beyond the Frontier: African American Poetry for the 21st Century.  She is an Associate Professor in Arts in Learning Division of Lesley University.",http://www.nyu.edu/calabash/contributors.shtml,,,,
MONIQUE S. SIMON," was born in Antigua and raised between the islands of St. Thomas, USVI and Antigua. She is currently working on her short story collection. Her collection examines the lives of seven women who confront ""un-wellness"" in their personal lives and work towards healing in uniquely Caribbean ways. The stories culminate in a final, mythical tale in which the women's lives cross paths in a communal healing.",http://www.nyu.edu/calabash/vol1no2/contributors_vol1no2.shtml,,,,
EDWARD J. SULLIVAN," is Professor of Art History and Chair of the Department of Fine Arts of New York University. He has published numerous books, articles and exhibition catalogues on Latin American and Caribbean art.",http://www.nyu.edu/calabash/vol1no2/contributors_vol1no2.shtml,,,,
JUNE SPALDING," lives in Florida, where she teaches literature and composition at Palm Beach Community College. In addition to writing poetry, she is working on her first novel. Her poems have been published in Seeds, Healthy Woman, and Link.",http://www.nyu.edu/calabash/vol1no2/contributors_vol1no2.shtml,,,,
LASANA M. SEKOU," is the author of ten books of poetry, monologues, and short stories. He is the editor of National Symbols of St. Martin - A Primer, on the culture, historical personalities, and natural environment of the Caribbean island of St. Martin (1996), and The Independence Papers — Readings on a New Political Status for St. Maarten/St. Martin, the nation's first compilation of political essays (1990). In 1991, Sekou was the executive producer for Fete— The First Recording of Traditional St. Martins Festive Music by Tanny & The Boys. During the mid-1980s he co-directed and wrote for Traditions, the annual drama extravaganzas that changed the face of theater in St. Martin. Sekou's books Nativity & Dramatic Monologues for Today (1988) and Love Songs Make You Cry (1989) have been classroom text at York University (Canada) and Kenyon College (USA), respectively. His poetry and short stories are taught in and selected for the exam-reading list of St. Martin's high schools and course material for the University of St. Martin.",http://www.nyu.edu/calabash/vol1no2/contributors_vol1no2.shtml,,,,
VIRGIL SUAREZ," was born in Havana, Cuba in 1962. He is the author of four published novels: Latin Jazz, The Cutter, Havana Thursdays, and Going Under, and of a collection of short stories titled Welcome to the Oasis. With his wife Delia Poey he has co-edited two best-selling anthologies: Iguana Dreams: New Latino Fiction and Little Havana Blues: A Contemporary Cuban-American Literature Anthology. Most recently he has published an anthology of Latino poetry titled Paper Dance, co-edited with Victor Hernandez Cruz and Leroy V. Quintana, and his own collection of poetry and memoir titled Spared Angola: Memories From a Cuban-American Childhood His poetry, stories, translations, and essays continue to be published in journals and reviews the likes of TriQuarterly, Field, Cimanon, Meridian, Callaloo, The Ohio Review, The Caribbean Review, Salmagundi, New England Review, Ploughshares, The Mississippi Review, The Kenyon Review, and Prairie Schooner, and many others in the United States and abroad. His poetry and fiction have been nominated for two Pushcart Prizes, and received one Pushcart Prize this year. He's also been nominated for the Pulitzer Prize twice. He is the recipient of a NEA and a Florida Individual Artist Grant. You Come Singing a new collection of poems, is out from Tia Chucha Press/ Northwestern University, as well as the limited edition book of poems titled Garabato Poems (Wings Press, San Antonio.) In The Republic of Longing a new collection, is out from Bilingual Review Press/Arizona State University. Next year Palm Crows, his fifth collection, will be out from the University of Arizona Press ""Camino del Sol"" Series. Currently he is at work on a new collection tentatively titled Caliban Ponders Chaos, from which the poems in this issue of Calabash are taken.",http://www.nyu.edu/calabash/vol1no2/contributors_vol1no2.shtml,,,,
Y. C. MURPHY," lives in Queens, NY and is Assistant 
Professor of Cultural Studies at SUNY Empire State College. She has published poems in 
Black Warrior Review, Gulf Coast, Third Coast, Epoch, among other small magazines.",http://www.nyu.edu/calabash/vol2no1/contributors_vol2no1.shtml,,,,
LOUISA NURSE,"'S work has been published in newspapers and newsletters in her homeland, Barbados. This office professional by day, has been performing all her life and gained an associate degree in performing arts with a major in drama. She uses this experience in performing her poetry at Open Mic sessions as well as national cultural events. She is an active member of VOICES: Barbados Writers' Collective and was their feature writer in January 2001. She was also the feature writer for September 2001 Rhapsody of Voices: An Evening of Spoken Word hosted by VOICES & the Casuarina Beach Hotel, Barbados. Louisa is a medalist at Barbados' National Festival of Creative Arts (NIFCA); 2000 Third Prize winner, NCF/Miller Cutting Edge Writing Contest for the poem ""Quest"" (only award winning poet); and received an ""Honourable Mention"" for the poem ""Substratum: Pierced"", for the 2001 Inaugural Poetry Month Writing Contest hosted by the Commission for Pan African Affairs, (Barbados). Louisa has been awarded - the 2001 International Poet of Merit, Distinguished Member and Editor's Choice, from the International Society of Poets.",http://www.nyu.edu/calabash/vol2no1/contributors_vol2no1.shtml,,,,
N'MAYA PATRICIA," is a poet living in New York.",http://www.nyu.edu/calabash/vol2no1/contributors_vol2no1.shtml,,,,
KEVIN CLARK POWER," lived for ten years in Cuba, and has coordinated visual arts exhibitions throughout the Caribbean. Presently he teaches at Universidad de Alicante in Spain.",http://www.nyu.edu/calabash/vol2no1/contributors_vol2no1.shtml,,,,
OLIVE SENIOR," is the author of eight books including three collections of short stories.- Summer Lightning (UK: Longman, 1986) which won the Commonwealth Writers Prize, 1987, Arrival of the Snake-Woman (UK: Longman 1989) and Discerner of Hearts (Toronto: McClelland and Stewart 1995), two of poetry — Gardening in the Tropics (Toronto: McClelland and Stewart 1994, UK: Bloodaxe 1995) and Talking of Trees (Kingston, Jamaica: Calabash 1986) and non-fiction works on Caribbean culture including A-Z of Jamaican Heritage (Heinemann 1984) and Working Miracles: Women's Lives in the English-Speaking Caribbean (UK: James Currey; USA: Indiana University Press 1991). She is also included in Quartet (Longman 1995), a collection of four women writers including Alice Walker, Maya Angelou and Lorna Goodison.Senior travels extensively, giving readings of her work and conducting writing workshops. She is currently on the faculty of the Humber School for Writers at Humber College, Toronto, Canada, and has taught in the writing programme at the University of Toronto. She has also served as director of the Fiction Workshop of the Caribbean Writers Summer Institute, University of Miami, Florida, USA. She will teach a writing course in fiction at Barnard College, New York City in 2001.",http://www.nyu.edu/calabash/vol2no1/contributors_vol2no1.shtml,,,,
PASCAL J. LAFONTANT," grew up in Miragoane, 
        Haiti. His poems have appeared in The Bitter Oleander, Lamadel:Cents Poèmes 
        Créole, Galaxy, and Remedy. He was a finalist for the 2001 Frances 
        Locke Memorial Prize. He lives in Houston, Texas.",http://www.nyu.edu/calabash/vol2no2/contributors_vol2no2.shtml,,,,
MIA LEONIN’S," first book of poetry Braid 
        was selected by Anhinga Press as part of the Florida Poetry Series. Her 
        poetry has appeared in Prairie Schooner, Indiana Review, New Letters and 
        others. She is of Cuban-American descent, lives in Miami and teaches at 
        the University of Miami.",http://www.nyu.edu/calabash/vol2no2/contributors_vol2no2.shtml,,,,
DWIGHT MAXWELL," is a native of Jamaica and 
        lives in New York City, where he instructs Humanities at Second Opportunity 
        high school. He received a MFA in Creative Writing from New York University 
        in 1997 and was recently awarded a residency at Teachers and Writers Collaborative. 
        His poetic works appeared in such literary journals as: Callaloo, Calabash, 
        and the Seneca Review.",http://www.nyu.edu/calabash/vol2no2/contributors_vol2no2.shtml,,,,
IAN MCDONALD," was born in 1933 in Trinidad 
        and received a Honours Degree in History from Cambridge University. He 
        has lived in Guyana since 1955 where is he currently Chief Executive Officer 
        of the Sugar Association of the Caribbean. As a sportsman, he played at 
        Wimbledon and captained the West Indies Davis Cup Team throughout the1950s 
        --1960s. He is the author of the novel The Humming-Bird Tree, and the 
        poetry collections: Mercy Ward, Essequibo, and Jaffo the Calypsonian with 
        a new collection Between Silence and Silence due to come out in 2004. 
        He is the editor of the magazine Kyk-Over-Al, and helped edit and write 
        the introduction for Selected Poems of Martin Carter; and edited jointly 
        with Jacqueline De Weever A.J. Seymour's Collected Poems. He received 
        a Honorary Doctorate of Letters from the University of the West Indies.",http://www.nyu.edu/calabash/vol2no2/contributors_vol2no2.shtml,,,,
COLIN ROBINSON," straddles a national and cultural 
        identity with the Caribbean and Trinidad, where he spent his childhood 
        and adolescence – and another with the political and expressive 
        communities he has helped build as a “Black, Gay man” or a 
        “queer man of color” in New York City, where he has spent 
        his entire adult life. His creative work is similarly fragmented; he managed 
        production and served as administrator for Other Countries: Black Gay 
        Voices; collaborated with choreographer Ronald K. Brown on Lessons and 
        filmmaker Marlon Riggs on Tongues Untied and Anthem. His poems and essays 
        have appeared primarily in LBGT and independent literary and political 
        journals and anthologies since 1985.",http://www.nyu.edu/calabash/vol2no2/contributors_vol2no2.shtml,,,,
Millicent A. Graham ,is a member of the Wayne Brown Writers workshop and has participated in the Calabash Writers Workshops. She has won local awards for her poetry including the well-established Observer Literary Award for Poetry in 2005 and silver and bronze in the Jamaica Cultural Development Commission (JCDC) Literary Arts Competition in 2005 & 2007.  Her work has been published in the anthology Bearing Witness 3 and in The Caribbean Writer. ,http://www.nyu.edu/calabash/contributors.shtml,,,,
Hyacinth Hall,"is a graduate of the University of the West Indies (Mona) where she earned a Ph.D., in Educational Psychology.  She has worked at the University of Technology, University of the West Indies (Mona), University of Sierra Leone, University College of the Caribbean and has been a consultant for UNICEF and UNIFEM.  Since her retirement she has been writing poetry and is a member of Wayne Brown's Poetry Workshop.  Her work has been published in both the Gleaner and the Observer.",http://www.nyu.edu/calabash/contributors.shtml,,,,
Janine Joseph ,"was born in the Philippines, and now lives in both California and New York. Her recent publications include poems in or forthcoming from Third Coast, Spoon River Poetry Review, Nimrod International Journal, Salt Hill, Fugue, and Caribbean Writing Today. A Kundiman fellow, she holds undergraduate and graduate degrees from UC Riverside and the Creative Writing Program at New York University. In the fall, she will begin her doctoral studies at the University of Houston.",http://www.nyu.edu/calabash/contributors.shtml,,,,
Sharon Leach ,"was born in Kingston, Jamaica, where she lives and works as a columnist for the Jamaica Observer, as well as editor for Bookends, the paper’s weekly literary arts supplement. Also a fiction writer, she has been anthologized in Bearing Witness 2000, 2001, 2002; Kunapipi, Journal of Postcolonial Writing; Iron Balloons: Fiction from Jamaica’s Calabash Writer’s Workshop; and Blue Latitudes: An Anthology of Caribbean Women Fiction Writers. Her short fiction has also appeared in the Jamaica Journal and Caribbean Writing Today. Her first collection of stories, What You Can’t Tell Him: Stories, was recently published.",http://www.nyu.edu/calabash/contributors.shtml,,,,
Cordella Wallace Lewis ," graduated from the University of The West Indies with a first degree in English, Spanish and Geography, and a second degree (M.Phil.) in West Indian Writing. She later completed a Certificate in Distance Education For Development at the University of London, and the Open University at Milton Keynes in the U.K. respectively.  A trained graduate of Shortwood Teachers College, she taught for 15 years and practiced school supervision for another 15 years before retiring from the Ministry of Education, Youth and Culture in the late nineties. As a member of the prestigious Writers Workshop conducted by Wayne Vincent Brown, her short stories, poems and articles, have appeared in both the Sunday Observer and the Sunday Gleaner for more than 8 years. She is now writing a novel.",http://www.nyu.edu/calabash/contributors.shtml,,,,
Ann-Margaret Lim ,"lives in the hills of St. Andrew, Jamaica, where outside of work, she reads poetry and prose and swoons over her daughter Kayla. She lists meeting Sir Derek Walcott, attending both Wayne Brown and Prof Mervyn Morris workshops, and reading D.H. Lawrence’s The Rainbow as some highpoints of her literary experience.",http://www.nyu.edu/calabash/contributors.shtml,,,,
JOSEPH ZOBEL," was born in 1915 in Martinique. He is the author of several novels and short-stories in which social issues are at the forefront. An award-winning movie, Sugar Cane Alley, was made after Zobel's famous novel, La Rue Cases-Negres. Joseph Zobel spent some time in Senegal, and lives now in the Southern part of France.",http://www.nyu.edu/calabash/vol1no2/contributors_vol1no2.shtml,,,,
DORUS VREDE,"Born in Brokopondo, Suriname, ",http://www.nyu.edu/calabash/vol1no2/contributors_vol1no2.shtml,,,,
CHRISTOPHER WINKS,"Currently the Acting Associate Director of the Africana Studies Program at New York University, ",http://www.nyu.edu/calabash/vol1no2/contributors_vol1no2.shtml,,,,
,,http://www.nyu.edu/calabash/vol1no2/contributors_vol1no2.shtml,,,,
FRANKLIN SIRMAN," is an independent curator and critic.",http://www.nyu.edu/calabash/vol2no1/contributors_vol2no1.shtml,,,,
VIRGIL SUAREZ," was born in Havana, Cuba in 1962. He is the author of four published novels: Latin Jazz, The Cutter, Havana Thursdays, and Going Under, and of a collection of short stories titled Welcome to the Oasis. With his wife Dela Poey he has co-edited two best-selling anthologies: Iguana Dreams: New Latino Fiction and Little Havana Blues: A Contemporary Cuban-American literature anthology. Most recently, he has published an anthology of Latino poetry, Quintana. His poetry, stories and translations, and essays continue to be published in journals and reviews the likes of TriQuarterly Field, Cimarron, Meridian, Callaloo, the Ohio review, the Mississippi Review, Salmagundi, New England review, Ploughshares. ",http://www.nyu.edu/calabash/vol2no1/contributors_vol2no1.shtml,,,,
PATRICK SYLVAIN,", born in Port-au-Prince, Haiti, emigrated to Massachusetts in December 1981. He was a Conant Fellow at the Harvard Graduate School of Education where he earned his Masters degree. He works as a bilingual public school teacher in Massachusetts. He is also a video-photographer who worked as a special researcher with the PBS' documentary series: FRONTLINE. Sylvain, who is a former member of the Dark Room Collective and founding member of the Haitian American Writers Coalition, has co-edited a special issue of Compost Magazine on Haitian Writers and has received a 1996 finalist grant for poetry from the Massachusetts Cultural Council. In December 2000, he was elected board member of PEN New England and he is also the co-chair of the Diversity Committee (PEN). Sylvain has been widely published work. ",http://www.nyu.edu/calabash/vol2no1/contributors_vol2no1.shtml,,,,
EUNICE HEATH TATE," was born in Jamaica and now lives and writes in Florida. She is the author of Background Noises, a collection of poetry. Her fiction, poetry and essays appeared in newspapers, magazines, anthologies and journals, including The Caribbean Writer and MaComere. Her non-fiction book Scraping My Heartis to be published soon.",http://www.nyu.edu/calabash/vol2no1/contributors_vol2no1.shtml,,,,
BONAFIDE ROJAS," is a poet/musician/photographer/teacher, 
        a native of the transplanted Puerto Rican town of the Bronx. He is the 
        2002 SLAM THIS! Champion and a member of the 2002 New York City | Union 
        Square Slam team. His work can be found in Bum Rush the Page: a Def Poetry 
        Jam (Three Rivers Press, 2002), RoleCall: A Generational Anthology of 
        Social and Political Black Literature and Art (Third World Press, 2002), 
        The Centro Journal, the academic publication of The Center for Puerto 
        Rican Studies (Hunter College, 2001) focusing on the next generation of 
        Nuyorican poets and Freedom to Speak, the first anthology by Poetry Slam, 
        Inc. His first book Pelo Bueno (Dark Souls Press, April 2003) deals with 
        the issues of stereotypes, cultural preservation, music, love, struggle, 
        racism, and personal growth.",http://www.nyu.edu/calabash/vol2no2/contributors_vol2no2.shtml,,,,
RODRIGO ROJAS,"’ poetry has appeared 
        or is forthcoming in : 580Split, Lake Effect, Xavier Review, Frantic Egg, 
        Ginko Tree, Cuadernos Hispanoamericanos, Ajo y Zafiros, Plagio, and Aérea. 
        A recipient of a Fulbright Fellowship and a recent graduate of NYU’s 
        Creative Writing MFA, he teaches undergraduates in the Literatura Creativa 
        poetry program at Universidad Diego Portales, Chile.",http://www.nyu.edu/calabash/vol2no2/contributors_vol2no2.shtml,,,,
SILVIO TORRES-SAILLANT, ,http://www.nyu.edu/calabash/vol2no2/contributors_vol2no2.shtml,,,,
ROBERT EDISON SANDIFORD , ,http://www.nyu.edu/calabash/vol2no2/contributors_vol2no2.shtml,,,,
OLIVE SENIOR," is the author of eight books, 
        including: Summer Lightning, Arrival of the Snake Woman and Discerner 
        of Hearts --- all short story collections. She has also published two 
        collections of poems, Gardening in the Tropics and Talking of Trees, as 
        well as several non-fiction books. Her Encyclopedia of Jamaican Heritage 
        is forthcoming.",http://www.nyu.edu/calabash/vol2no2/contributors_vol2no2.shtml,,,,
KATIA ULYSSE," was born in Haiti. Her short 
        stories, essays, and poetry have been published in various literary journals, 
        including The Caribbean Writer, Peregrine, Phoebe, Poui, and MaComere. 
        Her work has been anthologized in The Butterfly’s Way (Soho Press, 
        2000). Ulysse is also the Co-Founder of The Dona Literacy Grant for Children 
        in Haiti. ",http://www.nyu.edu/calabash/vol2no2/contributors_vol2no2.shtml,,,,
Earl McKenzie ,"McKenzie teaches philosophy at the University of the West Indies, Mona.  He is a much published fiction and poetry writer in addition to being an accomplished visual artist.",http://www.nyu.edu/calabash/contributors.shtml,,,,
Marianela Medrano ,"is a Dominican writer and psychotherapist, living in Connecticut since 1990.  She offers workshops and readings in various venues in Connecticut and other parts of the country. In her workshops, she combines literature, psychology, and her research on the Sacred Feminine to help others find new ways of knowing the wholeness of human beings. She holds a Ph.D. in psychology. Medrano has published the following poetry books: Oficio de Vivir (1986), Los Alegres Ojos de la Tristeza (1987), Regando Esencias/The Scent of Waiting (1998) and Curada de Espantos (2002). ",http://www.nyu.edu/calabash/contributors.shtml,,,,
Yvonne C. Murphy ,"held a Stegner Fellowship in Poetry at Stanford University and received a Ph.D. in Creative Writing from the University of Houston. Yvonne currently lives in Queens, NY, and teaches Cultural Studies at Empire State College.",http://www.nyu.edu/calabash/contributors.shtml,,,,
Anton Nimblett ,"is a native of Trinidad and Tobago who lives and writes in Brooklyn.  His fiction appeared in African American Review, African Voices, Calabash: A Journal of Caribbean Arts and Letters and Our Caribbean, an anthology of LGBT Caribbean Literature, edited by Thomas Glave. He read fiction and poetry at Louder Arts, Cornelia Street Cafe, Harlem Tea Room and as part of Cheryl Boyce-Taylor’s Q2 series at Bowery Poetry Club.  In 2006 he joined with others to perform Tongues Unchained: A Tribute to Other Countries at Long Island University’s Kumble Theater. ",http://www.nyu.edu/calabash/contributors.shtml,,,,
Lasana M. Sekou,", author, publisher. Among Sekou’s 13 books of poetry, monologues, and short stories are 37 Poems, The Salt Reaper – Poems from the flats and Brotherhood of the Spurs. The writings of the St. Martin author have been required reading at Caribbean and North American universities. Sekou’s poetry and reviews of his work have appeared in Callaloo, The Massachusetts Review, Del Caribe, De Gids, Das Gedicht, Prometeo, World Literature Today, Postcolonial Text, Caribbean Review of Books, and Boundary 2. His poems have been translated into Spanish, Dutch, German, and Chinese. Awards and honors include an IWW Visiting Fellow (Hong Kong Baptist University), a James Michener Fellow (University of Miami), a knighthood (The Netherlands), Recognition for literary excellence in the service of Caribbean unity (Dominican Republic), Culture Time Literary Artist of the Decade, Carlos Cooks Community Service Award, Distinguished Visitor (La Romana, Dominican Republic), and CTO/Conde Nast Award of Excellence. Sekou is an advocate for the independence and unification of St. Martin, which is a colony of France and the Netherlands.",http://www.nyu.edu/calabash/contributors.shtml,,,,
Robert “Bob” Stewart ,"is the author of Religion and Society in Post-Emancipation Jamaica.  He is a poet and literary critic as well as a historian.  Cane Cut, a collection of his poems, was published in Jamaica in 1988.  He has taught Caribbean history and literature and has published a number of articles on writers in the Caribbean diaspora in the past thirty years.  He is a contributor to several reference publications, including Twentieth Century Caribbean and Black African Writers in the Dictionary of Literary Biography series.  Stewart currently teaches the course “New York City and Caribbean Writers” at Trinity School in Manhattan.",http://www.nyu.edu/calabash/contributors.shtml,,,,
,,http://www.nyu.edu/calabash/vol1no2/contributors_vol1no2.shtml,,,,
,,http://www.nyu.edu/calabash/vol1no2/contributors_vol1no2.shtml,,,,
JANET ARELIS QUEZADA," is an Afro-Dominican poet and performer who dreams intensely of words and music, women and good Caribbean food. She is exploring identity, politics, family, love y todo eso in her poetry and acting. She has been published in the University of New Mexico Journal Issue number 9 and most recently in a chapbook for the San Francisco Women Against Rape event on June 2nd. She reads locally to benefit the struggle to liberate Vieques from U.S. Naval Occupation and is inspired by Audre Lorde to live life with meaning.",http://www.nyu.edu/calabash/vol2no1/contributors_vol2no1.shtml,,,,
LOURDES VAZQUEZ," is a Puerto Rican short story writer, poet and essayist living in New York. Her books Las Hembras, La rosa mecdnica, and Historias de Pulgarcito are well known. Her work had been published in various anthologies, journals and newspapers. Among the latest Revista Casa Las Americas (Cuba) Periplo (Mexico), Cuadernos delMatematico (Spain), Conversacion entre escritoras del Caribe hispano. (NY: Center for Puerto Rican Studies, 2000); Libertad condicional. (Mexico: Luciernaga, 2000); Caribbean Creolization: Reflections on the Cultural Dynamics of Language, Literature and Identity (Florida University and West Indies University, 1998) and Winds of Change: Women Writers from the Caribbean (Peter Lang, 1998).",http://www.nyu.edu/calabash/vol2no1/contributors_vol2no1.shtml,,,,
JENNIFER WALCOTT, grew up in Jamaica where she taught English and worked in community development. She now lives in Toronto where she teaches English and takes sustenance from the women in her writing group.,http://www.nyu.edu/calabash/vol2no1/contributors_vol2no1.shtml,,,,
CHRISTOPHER WINKS," is a writer and translator. His translation of the Cuban playwright Alberto Pedro's controversial play Manteca appeared in TDR T-149 (Spring 1996). He is presently working on a study entitled Golden Lands, Magic Cities: (Trans)Figurations of Utopia in Caribbean Literature.",http://www.nyu.edu/calabash/vol2no1/contributors_vol2no1.shtml,,,,
ENITH MARTIN WILLIAMS," was born in James Hill, Clarendon, Jamaica. At age 11 she migrated with her family to New York City. A Graduate of Williams College she attended Fordham University Graduate School of Education. In 1995 Enith returned with her two children to live in Jamaica. She has had a number of short stories published in the ""Jamaican Observer Arts Magazine"" and her short story ""Patrick"" was published in ""Bearing Witness, the Best of the Observer Arts Magazine"" an Anthology published by the Jamaica Observer Newspaper. Enith began writing in the year 2000.",http://www.nyu.edu/calabash/vol2no1/contributors_vol2no1.shtml,,,,
C. M. HARCLYDE WALCOTT," has, among other occupations, 
        worked as a Theatre Director, Film-maker and Photo-journalist. His creative 
        writing has appeared in The New Voices, Arts Review, Poui and Bim. ",http://www.nyu.edu/calabash/vol2no2/contributors_vol2no2.shtml,,,,
,,http://www.nyu.edu/calabash/vol2no2/contributors_vol2no2.shtml,,,,
,,http://www.nyu.edu/calabash/vol2no2/contributors_vol2no2.shtml,,,,
Yolaine M. St. Fort ,"Fort is a writer of Haitian descent.  Her short stories and novel excerpts have appeared in Downtown Brooklyn, Prose Ax and in Szirine.  She recently completed her second novel and is currently working on a collection of poems and short stories.  She teaches creative writing at Edward R. Murrow High School and is the advisor of the school’s literary magazine, The Magnet.  She works as an adjunct instructor at LIU where she obtained her MA in creative writing in 2000.",http://www.nyu.edu/calabash/contributors.shtml,,,,
Gus Edwards,", is a playwright/educator. He is from St.Thomas, Virgin Islands but studied theatre and filmmaking in the US. His first plays were presented by the Negro Ensemble Company (NEC) and later in several venues across the US and abroad. He adapted James Baldwin’s novel Go Tell IT on the Mountain for TV and has published several books and anthologies about African American Theatre. Some of his play titles include: The Offering, Lifetimes on the Streets, Louie and Ophelia and Caribbean Babylon. Mr. Edwards is a tenured professor at Arizona State University.",http://www.nyu.edu/calabash/contributors.shtml,,,,
Vanessa Simmns,", Born and raised in St.Vincent and the Grenadines, Vanessa Simmons moved to Canada to pursue a University education.  She received an Honours degree in Comparative Literature and Culture, and works as a library assistant when not writing.",http://www.nyu.edu/calabash/contributors.shtml,,,,
Roberto Strongman,", is Assistant Professor in the Department of Black Studies at the University of California, Santa Barbara. Dr. Strongman's interdisciplinary approach encompasses the fields of Religion, History, and Sexuality in order to further his main area of research and teaching: Comparative Caribbean Cultural Studies. Dr. Strongman's trans-national and multi-lingual approach to the Caribbean cultural zone are grounded in La Créolité, a movement developed at L'Université des Antilles et de La Guyane in Martinique, where he studied as a dissertation fellow. His articles have appeared in Journal of Haitian Studies, Journal of Caribbean Studies, Journal of Caribbean Literatures, Callaloo, Kunapipi, Wadabagei, and the Journal of Latin American Cultural Studies.",http://www.nyu.edu/calabash/contributors.shtml,,,,
,,http://www.nyu.edu/calabash/vol2no1/contributors_vol2no1.shtml,,,,
,,http://www.nyu.edu/calabash/vol2no1/contributors_vol2no1.shtml,,,,
