author,authorbio,issueurl,pdfname,section,title,titlegroup
by Christian A Campbell,,http://www.nyu.edu/calabash/vol1no1//,Curry Powder.pdf,,"Curry 
                    Powder",
by Christian A Campbell,,http://www.nyu.edu/calabash/vol1no1//,Moruga.pdf,,Moruga,
by Christian A Campbell,,http://www.nyu.edu/calabash/vol1no1//,AlzheimersDisease.pdf,,"Alzheimer's 
                    Disease",
by Christian A Campbell,,http://www.nyu.edu/calabash/vol1no1//,Anthuriums.pdf,,Anthuriums,
by Ann Wood Fuller,,http://www.nyu.edu/calabash/vol1no1//,The Last Resort.pdf,,"The 
                    Last Resort",
by Ann Wood Fuller,,http://www.nyu.edu/calabash/vol1no1//,Wrecks.pdf,,Wrecks,
by Dana Gilkes,,http://www.nyu.edu/calabash/vol1no1//,Cricketing.pdf,,Cricketing,
by Jose B Gonzales,,http://www.nyu.edu/calabash/vol1no1//,Carribean Fresco.pdf,,"Carribean 
                    Fresco",
by Drisana Deborah Jack,,http://www.nyu.edu/calabash/vol1no1//,Boundaries.pdf,,Boundaries,
by Drisana Deborah Jack,,http://www.nyu.edu/calabash/vol1no1//,Notes for an Emancipation poem.pdf,,"Notes 
                    For An Emancipation Poem",
by Deanne Kennedy,,http://www.nyu.edu/calabash/vol1no1//,Stripper or Whats In A Name.pdf,,"Stripper, 
                    Or What's In A Name",
by Anu Lakhan,,http://www.nyu.edu/calabash/vol1no1//,Untitled I.pdf,,"Untitled 
                    I",
by Anu Lakhan,,http://www.nyu.edu/calabash/vol1no1//,Untitled IV.pdf,,"Untitled 
                    IV",
by Dwight Maxwell,,http://www.nyu.edu/calabash/vol1no1//,The Woman Who Was Not My Grandmother.pdf,,"The 
                    Woman Who Was Not My Grandmother",
by Dwight Maxwell,,http://www.nyu.edu/calabash/vol1no1//,What Patrimony Can Do To A Body.pdf,,"What 
                    Patrimony Can Do To A Body",
by Shara McCallum,,http://www.nyu.edu/calabash/vol1no1//,Six Ways Of Envisioning Loss.pdf,,"Six 
                    Ways Of Envisioning Loss",
by Shara McCallum,,http://www.nyu.edu/calabash/vol1no1//,What I Want.pdf,,"What 
                    I Want",
by Shara McCallum,,http://www.nyu.edu/calabash/vol1no1//,The Spider Speaks.pdf,,"The 
                    Spider Speaks",
by Sandra E Morris,,http://www.nyu.edu/calabash/vol1no1//,Kamau's Spider.pdf,,"Kamau's 
                    Spider",
by Dorus Vrede,,http://www.nyu.edu/calabash/vol1no2/,Voor Sisi For Sisi.pdf,,"For 
              Sisi",
by Dorus Vrede,,http://www.nyu.edu/calabash/vol1no2/,Do You Remember.pdf,,Do You Remember,
by Dorus Vrede,,http://www.nyu.edu/calabash/vol1no2/,I Did Not Follow.pdf,,I Did Not Follow,
by Dorus Vrede,,http://www.nyu.edu/calabash/vol1no2/,In The Depth Of The Night.pdf,,"In 
        The Depth Of The Night",
by Dana Gilkes,,http://www.nyu.edu/calabash/vol3no2/,vol3no2/0302036.pdf,,Calabash Moon,
by Dana Gilkes,,http://www.nyu.edu/calabash/vol3no2/,vol3no2/0302038.pdf,,Codename: Breadfruit,
by Dana Gilkes,,http://www.nyu.edu/calabash/vol3no2/,vol3no2/0302040.pdf,,"Dispatch, A Scene from Paradise Lost",
by Dana Gilkes,,http://www.nyu.edu/calabash/vol3no2/,vol3no2/0302042.pdf,,Kettles and Whisling Holes,
by Dana Gilkes,,http://www.nyu.edu/calabash/vol3no2/,vol3no2/0302045.pdf,,Like Unto A Mustard Seed,
by Sandra E Morris,,http://www.nyu.edu/calabash/vol1no1//,Sea Jazz.pdf,,"Sea 
                    Jazz",
by Gerthie Owtram,,http://www.nyu.edu/calabash/vol1no1//,An Attractive Middle-Aged Woman.pdf,,"An 
                    Attractive Middle-Aged Woman Dines Out",
by Gerthie Owtram,,http://www.nyu.edu/calabash/vol1no1//,Une Seduisante Femme Dage Mur.pdf,,"Une 
                    Seduisante Femme D'age Mur Dine Dehors",
by Miriam Sa'uda Perez,,http://www.nyu.edu/calabash/vol1no1//,On A Journey To Discover Her.pdf,,"On 
                    A Journey To Discover Her Carribean Ingredient",
Madison Smartt Bell,,http://www.nyu.edu/calabash/vol3no1/,0301001.pdf,,Point Samana,
Gus Edwards,,http://www.nyu.edu/calabash/vol3no1/,0301014.pdf,,A Carnival Incident,
Gus Edwards,,http://www.nyu.edu/calabash/vol3no1/,0301024.pdf,,Mr. Rhumbay,
Gus Edwards,,http://www.nyu.edu/calabash/vol3no1/,0301027.pdf,,Hamilton Daniel,
Rahda Krishna Ramsumair,,http://www.nyu.edu/calabash/vol3no1/,0301031.pdf,,Surrounded by Fireflies,
 Gerard Aching,,http://www.nyu.edu/calabash/vol2no2/,0202001.pdf,,"Preface: Our 
              New Format",
Olive Senior,,http://www.nyu.edu/calabash/vol2no2/,0202014.pdf,,The Pain Tree,
Louis-Phillipe Dalembert,,http://www.nyu.edu/calabash/vol2no2/,0202025.pdf,,"Le Jour Où 
              J'ai Pleuré",
Robert Edison Sandiford,,http://www.nyu.edu/calabash/vol2no2/,0202044.pdf,,Mistress,
Garfield Ellis,,http://www.nyu.edu/calabash/vol2no2/,0202047.pdf,,"Till I'm Laid 
              to Rest",
by Joseph Zobel,,http://www.nyu.edu/calabash/vol1no2/,Sweet Lianas.pdf,,"Sweet 
        Lianas / Lanes Douches",
by June Spaulding,,http://www.nyu.edu/calabash/vol1no2/,Koromantyn Girl.pdf,,"Koromantyn 
        Girl",
by Hazel Simmons-McDonald,,http://www.nyu.edu/calabash/vol1no2/,Silk Cotton Tree.pdf,,"Silk Cotton 
        Tree",
by Hazel Simmons-McDonald,,http://www.nyu.edu/calabash/vol1no2/,Dream Season.pdf,,Dream Season,
by Dana Gilkes,,http://www.nyu.edu/calabash/vol3no2/,vol3no2/0302046.pdf,,Summer Essence,
by Dana Gilkes,,http://www.nyu.edu/calabash/vol3no2/,vol3no2/0302048.pdf,,The Home Liberation Front,
by Dana Gilkes,,http://www.nyu.edu/calabash/vol3no2/,vol3no2/0302050.pdf,,Woe and Redemption,
by Trevor Peters,,http://www.nyu.edu/calabash/vol3no2/,vol3no2/0302066.pdf,,The Nation Mourns,
by Felix de Rooy,,http://www.nyu.edu/calabash/vol1no1//,I Think I Saw Apollo Weeping.pdf,,"I 
                    Think I Saw Apollo Weeping",
by June Spalding,,http://www.nyu.edu/calabash/vol1no1//,I Remember Two Seasons.pdf,,"I 
                    Remember Two Seasons",
by Lidia Torres,,http://www.nyu.edu/calabash/vol1no1//,Two Guavas.pdf,,"Two 
                    Guavas",
by Lidia Torres,,http://www.nyu.edu/calabash/vol1no1//,Visiting The Dead.pdf,,"Visiting 
                    The Dead",
by Evie Vernon,,http://www.nyu.edu/calabash/vol1no1//,The Exile's Return.pdf,,"The 
                    Exile's Return",
Rahda Krishna Ramsumair,,http://www.nyu.edu/calabash/vol3no1/,0301035.pdf,,A Gift of Easter Lilies,
Michela A. Calderaro,,http://www.nyu.edu/calabash/vol3no1/,0301114.pdf,,"I am the Line Break 
of Desire: A Conversation with Shara McCallum",
Trevor Peters,,http://www.nyu.edu/calabash/vol3no1/,0301124.pdf,,"On the Descendants of 
							Paule Marshall",
Dolace McLean,,http://www.nyu.edu/calabash/vol3no1/,0301136.pdf,,"Review of Madison Smartt 
				Bell's ""The Stone That the Builder Refused""",
Anton Niblett,,http://www.nyu.edu/calabash/vol2no2/,0202078.pdf,,Marjory's Meal,
Alba Delia Hernandez,,http://www.nyu.edu/calabash/vol2no2/,0202128.pdf,,"I Cannot See 
              the Holy Ghost",
Alba Delia Hernandez,,http://www.nyu.edu/calabash/vol2no2/,0202131.pdf,,Muñeca,
by Danielle Legros Geoges ,,http://www.nyu.edu/calabash/vol2no1/,Fillette.pdf,,Fillette,
by Danielle Legros Geoges ,,http://www.nyu.edu/calabash/vol2no1/,Anacaona.pdf,,Anacaona,
by Y C Murphy ,,http://www.nyu.edu/calabash/vol2no1/,Parrot Music Box.pdf,,"Parrot 
              Music Box",
by Nydia Ecury,,http://www.nyu.edu/calabash/vol1no2/,Next-door Patient.pdf,,"Next-Door 
              Patient / Pashent aki banda",
by Nydia Ecury,,http://www.nyu.edu/calabash/vol1no2/,My Love A Ribbon In The Wind.pdf,,"My 
        Love, A Ribbon In The Wind/ Mi Amor, Un Sinta",
by Lasana Sekou,,http://www.nyu.edu/calabash/vol1no2/,Title Deed.pdf,,Title Deed,
by Lasana Sekou,,http://www.nyu.edu/calabash/vol1no2/,Visit and Fellowship.pdf,,"Visit and 
        Fellowship",
by Lasana Sekou,,http://www.nyu.edu/calabash/vol1no2/,Direction II.pdf,,Direction II,
by Sandy Jimenez,,http://www.nyu.edu/calabash/vol3no2/,vol3no2/0302069.pdf,,Notes About the Moon my Favorite Stellar Body of the Moment in Half Translation,
by Jina Ortiz,,http://www.nyu.edu/calabash/vol3no2/,vol3no2/0302070.pdf,,Six Poems About the Little Island of Mine,
by Jina Ortiz,,http://www.nyu.edu/calabash/vol3no2/,vol3no2/0302073.pdf,,Seis Poemas de mi Isla Pequeña,
by Evie Vernon,,http://www.nyu.edu/calabash/vol1no1//,The Exile.pdf,,"The 
                    Exile",
by Michela A Calderaro,,http://www.nyu.edu/calabash/vol1no1//,Transferring The Carribean.pdf,,"Transferring 
              The Carribean Babylon To The Stage: An Interview With Gus Edwards",
by Michelle A Calderaro,,http://www.nyu.edu/calabash/vol1no1//,The Unbridled Sea.pdf,,"The 
              Unbridled Sea: A Review Of Shara McCullum's, ""The Sea Beneath Us""",
by Marianne de Tolentino,,http://www.nyu.edu/calabash/vol1no1//,The Visual Arts Of Aruba.pdf,,"The 
              Visual Arts Of Aruba And The Netherlands Antilles",
by Opal Palmer Adisa,,http://www.nyu.edu/calabash/vol1no1//,Mommie My Star Pupil.pdf,,"Mommie, 
              My Star Pupil",
Jacqueline Bishop,,http://www.nyu.edu/calabash/vol3no1/,0301079.pdf,,Gaugin,
Jacqueline Bishop,,http://www.nyu.edu/calabash/vol3no1/,0301081.pdf,,The Woman in the Park,
Jacqueline Bishop,,http://www.nyu.edu/calabash/vol3no1/,0301082.pdf,,A Conversation with my Grandmother,
Jacqueline Bishop,,http://www.nyu.edu/calabash/vol3no1/,0301084.pdf,,The Same Conversation with my Grandmother,
Alba Delia Hernandez,,http://www.nyu.edu/calabash/vol2no2/,0202133.pdf,,My Sister,
Alba Delia Hernandez,,http://www.nyu.edu/calabash/vol2no2/,0202135.pdf,,Mami,
Alba Delia Hernandez,,http://www.nyu.edu/calabash/vol2no2/,0202137.pdf,,There Are Beautiful Stars Outside,
Opal Palmer Adisa,,http://www.nyu.edu/calabash/vol2no2/,0202157.pdf,,"A Family Built 
              on Love",
Opal Palmer Adisa,,http://www.nyu.edu/calabash/vol2no2/,0202160.pdf,,The Color Wheel,
by Y C Murphy ,,http://www.nyu.edu/calabash/vol2no1/,Late At Night Knitting.pdf,,"Late 
              At Night Knitting",
by Christian A Campbell ,,http://www.nyu.edu/calabash/vol2no1/,Tomatoes.pdf,,Tomatoes,
by Jacqueline Bishop ,,http://www.nyu.edu/calabash/vol2no1/,Before Electricity.pdf,,"Before 
              Electricity",
by Jacqueline Bishop ,,http://www.nyu.edu/calabash/vol2no1/,Pa.pdf,,Pa ,
by Jacqueline Bishop ,,http://www.nyu.edu/calabash/vol2no1/,Those Were My Young Green Days.pdf,,"Those 
              Were My Young Green Days",
by Felix de Rooy,,http://www.nyu.edu/calabash/vol1no2/,Under The Spell Of A Max Ernst.pdf,,"Under 
        The Spell Of A Max Ernst Sky",
by Felix de Rooy,,http://www.nyu.edu/calabash/vol1no2/,Vampire Fleeing Approaching.pdf,,"Vampire 
        Fleeing Approaching Light",
by Gibi Bacilio,,http://www.nyu.edu/calabash/vol1no2/,Together.pdf,,Together,
by John Keene,,http://www.nyu.edu/calabash/vol1no2/,Sycorax Requiem.pdf,,"Sycorax, 
        Requiem",
by Virgil Suarez,,http://www.nyu.edu/calabash/vol1no2/,The Charm Of Repeating Islands.pdf,,"The 
        Charm Of Repeating Islands",
by Nadine Rogers,,http://www.nyu.edu/calabash/vol3no2/,vol3no2/0302086.pdf,,For the Girls,
by Nadine Rogers,,http://www.nyu.edu/calabash/vol3no2/,vol3no2/0302088.pdf,,December Clean,
by Nadine Rogers,,http://www.nyu.edu/calabash/vol3no2/,vol3no2/0302089.pdf,,Haiku,
by Nadine Rogers,,http://www.nyu.edu/calabash/vol3no2/,vol3no2/0302090.pdf,,Sojouner's Song ,
by Suelin Low Chew Tung,,http://www.nyu.edu/calabash/vol3no2/,vol3no2/0302159.pdf,,»  Creative Arts: Grenada's Best Practice,
by James Carmicheal,,http://www.nyu.edu/calabash/vol1no1//,Watching and Waiting.pdf,,"Watching 
              and Waiting",
by Adrian Clarke,,http://www.nyu.edu/calabash/vol1no1//,School.pdf,,School,
by Marsha E Coburn,,http://www.nyu.edu/calabash/vol1no1//,The Duppy Coconut Tree.pdf,,"The 
              Duppy Coconut Tree",
by Louis-Phillippe Dalembert,,http://www.nyu.edu/calabash/vol1no1//,Story of Dance and Rain.pdf,,"The 
              Story of Dance and Rain,
              ",
by Louis-Phillippe Dalembert,,http://www.nyu.edu/calabash/vol1no1//,Histoire de danse et de pluie.pdf,,"Histoire 
              de Danse et de Pluie",
Jacqueline Bishop,,http://www.nyu.edu/calabash/vol3no1/,0301085.pdf,,Recipe,
Peggy Garrison,,http://www.nyu.edu/calabash/vol3no1/,0301087.pdf,,City Blackout,
Peggy Garrison,,http://www.nyu.edu/calabash/vol3no1/,0301088.pdf,,Sidney's Kidneys,
Peggy Garrison,,http://www.nyu.edu/calabash/vol3no1/,0301089.pdf,,Re: John,
Peggy Garrison,,http://www.nyu.edu/calabash/vol3no1/,0301090.pdf,,Ocean,
Peggy Garrison,,http://www.nyu.edu/calabash/vol3no1/,0301091.pdf,,Chez Zouhra,
 Dolace McClean & Jacqueline Bishop,,http://www.nyu.edu/calabash/vol2no2/,0202003.pdf,,"Of Hearts Revealed: 
              An Interview with Olive Senior",
Silvio Torres-Saillant,,http://www.nyu.edu/calabash/vol2no2/,0202108.pdf,,"Writing Has 
              to be Generous: An Interview with Angie Cruz",
Ian McDonald,,http://www.nyu.edu/calabash/vol2no2/,0202036.pdf,,"Shadows Will 
              Hide the Sun",
Lila Díaz (trans. Rodrigo Rojas),,http://www.nyu.edu/calabash/vol2no2/,0202037.pdf,,"Toda Isla 
              Es Una Jaula (Every Island Is a Cage)",
Rodrigo Rojas,,http://www.nyu.edu/calabash/vol2no2/,0202038.pdf,,"Catedrales 
              que Trinan",
by Jacqueline Bishop ,,http://www.nyu.edu/calabash/vol2no1/,Full Bloom.pdf,,"Full 
              Bloom",
by Jacqueline Bishop ,,http://www.nyu.edu/calabash/vol2no1/,Calling Me Back Home.pdf,,"Calling 
              Me Back Home",
by Susan Brennan ,,http://www.nyu.edu/calabash/vol2no1/,Yemaya.pdf,,Yemaya,
by Pamela Mordecai ,,http://www.nyu.edu/calabash/vol2no1/,Caliban Calypso.pdf,,"Caliban 
              Calypso",
by Virgil Suarez,,http://www.nyu.edu/calabash/vol1no2/,The Maker Of Mango Marmalade.pdf,,"The 
        Maker Of Mango Marmalade",
by Virgil Suarez,,http://www.nyu.edu/calabash/vol1no2/,Latin Jazz Burial.pdf,,"Latin 
        Jazz Burial Borinquen Style",
by Virgil Suarez,,http://www.nyu.edu/calabash/vol1no2/,Raspita.pdf,,"Raspita, 
        Or Doña Inez Blushes",
by Virgil Suarez,,http://www.nyu.edu/calabash/vol1no2/,Tio Anibal.pdf,,Tio Anibal,
by Virgil Suarez,,http://www.nyu.edu/calabash/vol1no2/,En el Jardin de los Espejos.pdf,,"En 
        el Jardin de los Espejos Quebrados",
by Opal Palmer Adisa,,http://www.nyu.edu/calabash/vol1no2/,Poinsetta.pdf,,Poinsetta,
by Various Grenadian Artists,,http://www.nyu.edu/calabash/vol3no2/,vol3no2/gallery.pdf,,»  Gallery of Grenadian Artists ,
by Jacob Ross,,http://www.nyu.edu/calabash/vol3no2/,vol3no2/0302068.pdf,,»  Pynter Bender,
by Keshia James,,http://www.nyu.edu/calabash/vol3no2/,vol3no2/0302084.pdf,,»  Gone,
by Keshia James,,http://www.nyu.edu/calabash/vol3no2/,vol3no2/0302098.pdf,,»  Still Here,
by Maureen Roberts ,,http://www.nyu.edu/calabash/vol3no2/,vol3no2/0302164.pdf,,»  Slow Down Freight Train,
by Deanne Kennedy,,http://www.nyu.edu/calabash/vol1no1//,An Exercise in Discipline.pdf,,"An 
              Exercise in Discipline",
by Clifford Mason,,http://www.nyu.edu/calabash/vol1no1//,The Verandah.pdf,,"The 
              Verandah",
by Thomas McConnell,,http://www.nyu.edu/calabash/vol1no1//,Vanishing Point.pdf,,"Vanishing 
              Point",
by Anton Nimblett,,http://www.nyu.edu/calabash/vol1no1//,On The Side.pdf,,"On 
              The Side",
Dwight Maxwell,,http://www.nyu.edu/calabash/vol3no1/,0301094.pdf,,A Fisherman's Tale,
Susan Brennan,,http://www.nyu.edu/calabash/vol3no1/,0301099.pdf,,The Blue Hole,
Susan Brennan,,http://www.nyu.edu/calabash/vol3no1/,0301100.pdf,,Blind Swimmers,
Susan Brennan,,http://www.nyu.edu/calabash/vol3no1/,0301101.pdf,,Cruelty Sea Maid,
Susan Brennan,,http://www.nyu.edu/calabash/vol3no1/,0301102.pdf,,Morning Bird,
Maggie Harris,,http://www.nyu.edu/calabash/vol2no2/,0202040.pdf,,"To the Lady's 
              Slipper Orchid, a Daughter",
Maggie Harris,,http://www.nyu.edu/calabash/vol2no2/,0202041.pdf,,"'the night-time put on flesh and 
              blackness'",
Maggie Harris,,http://www.nyu.edu/calabash/vol2no2/,0202042.pdf,,Pancho Villa's Daughter,
Maggie Harris,,http://www.nyu.edu/calabash/vol2no2/,0202043.pdf,,Sugar,
Dwight Maxwell,,http://www.nyu.edu/calabash/vol2no2/,0202066.pdf,,"A Fisherman's 
              Tale",
by N'Maya Patricia ,,http://www.nyu.edu/calabash/vol2no1/,Tanty Joan at the Airport.pdf,,Tanty Joan at the Airport,
by Virgil Suarez ,,http://www.nyu.edu/calabash/vol2no1/,So Much Like My Father.pdf,,"So 
              Much Like My Father",
by Virgil Suarez ,,http://www.nyu.edu/calabash/vol2no1/,Lo que se va en la noche.pdf,,"Lo 
              que se va en la noche",
by Virgil Suarez ,,http://www.nyu.edu/calabash/vol2no1/,Haircut.pdf,,Haircut,
by Virgil Suarez ,,http://www.nyu.edu/calabash/vol2no1/,Las Ausencias.pdf,,Las Ausencias,
by Ernest Pepin,,http://www.nyu.edu/calabash/vol1no2/,A Saltwater Negro Speaks.pdf,,"A 
        Saltwater Negro Speaks/ Demande Moi",
by Winston Farrell,,http://www.nyu.edu/calabash/vol1no2/,Dear Brer Rabbit.pdf,,"Dear Brer 
        Rabbit",
by Carol Bourne,,http://www.nyu.edu/calabash/vol1no2/,Tough Act.pdf,,Tough Act,
by Carol Bourne,,http://www.nyu.edu/calabash/vol1no2/,Helen.pdf,,Helen,
by Gerthie Owtram,,http://www.nyu.edu/calabash/vol1no2/,Full Moon.pdf,,Full Moon,
by Jacqueline Bishop and Dolace McLean,,http://www.nyu.edu/calabash/vol3no2/,vol3no2/0302053.pdf,,"»  Working out Grenada: ,
An Interview With Merle Collins",
by Maria Luisa Ruiz,,http://www.nyu.edu/calabash/vol3no2/,vol3no2/0302076.pdf,,"»  Redifining the Concept of God: ,
  A Review of Yván Silén's La Muerte De Mamá",
by Maria Luisa Ruiz,,http://www.nyu.edu/calabash/vol3no2/,vol3no2/0302080.pdf,,"»  
  Una Resena De La Muerte De Mama De Yvan Silen",
by Jennifer Palmer,,http://www.nyu.edu/calabash/vol1no1//,Mr Hugo.pdf,,"Mr. 
              Hugo",
Susan Brennan,,http://www.nyu.edu/calabash/vol3no1/,0301104.pdf,,Forest,
Susan Brennan,,http://www.nyu.edu/calabash/vol3no1/,0301107.pdf,,Island Haikus,
Susan Brennan,,http://www.nyu.edu/calabash/vol3no1/,0301109.pdf,,Party at the House of Isis,
Nadine Rodgers,,http://www.nyu.edu/calabash/vol3no1/,0301111.pdf,,Casting Spells,
Nadine Rodgers,,http://www.nyu.edu/calabash/vol3no1/,0301113.pdf,,Notes from Lee Malvo's Cell,
Mia Leonin,,http://www.nyu.edu/calabash/vol2no2/,0202069.pdf,,Meridian,
Mia Leonin,,http://www.nyu.edu/calabash/vol2no2/,0202070.pdf,,Fatima -- Hand on Fire,
Nicolette Bethel,,http://www.nyu.edu/calabash/vol2no2/,0202071.pdf,,"The Scotsman 
              Gives Lily Her Name",
Roxanna Fon,,http://www.nyu.edu/calabash/vol2no2/,0202072.pdf,,"Not Dancing 
              with My Mother",
by Janet Arelis Quezada ,,http://www.nyu.edu/calabash/vol2no1/,tengo una pena en el alma.pdf,,"tengo 
              una pena en el alma",
by Enith Tate ,,http://www.nyu.edu/calabash/vol2no1/,A View.pdf,,A View,
by Enith Tate ,,http://www.nyu.edu/calabash/vol2no1/,Keeping Dreams.pdf,,"Keeping 
              Dreams",
by Louisa Nurse ,,http://www.nyu.edu/calabash/vol2no1/,Polished.pdf,,Polished,
by Jennifer Walcott ,,http://www.nyu.edu/calabash/vol2no1/,Colonizer.pdf,,Colonizer,
by Shayla Hawkins,,http://www.nyu.edu/calabash/vol1no2/,Example.pdf,,Example,
by Shayla Hawkins,,http://www.nyu.edu/calabash/vol1no2/,Manchineel.pdf,,Manchineel,
by Shayla Hawkins,,http://www.nyu.edu/calabash/vol1no2/,The Mango Virgin.pdf,,The Mango Virgin,
by Isabelle-Pierre Rollin,,http://www.nyu.edu/calabash/vol1no2/,I Don't Speak French.pdf,,"I Don't 
        Speak French",
Roxanna Fon,,http://www.nyu.edu/calabash/vol2no2/,0202073.pdf,,"""Why are you taking pictures 
              of that shit?""",
Sassy Ross,,http://www.nyu.edu/calabash/vol2no2/,0202074.pdf,,On Being Long-Winded,
Pascal LaFontant,,http://www.nyu.edu/calabash/vol2no2/,0202076.pdf,,Restitution,
Katia Ulysse,,http://www.nyu.edu/calabash/vol2no2/,0202138.pdf,,"Doll Party 
              (Baptéme de Poupèe)",
Phebus Etienne,,http://www.nyu.edu/calabash/vol2no2/,0202140.pdf,,Black Enough,
Bonafide Rojas,,http://www.nyu.edu/calabash/vol2no2/,0202141.pdf,,Basquiat,
by Claire Ince ,,http://www.nyu.edu/calabash/vol2no1/,a study in students.pdf,,a study in students,
by Maggie Harris ,,http://www.nyu.edu/calabash/vol2no1/,Dear Claude.pdf,,"Dear 
              Claude",
by Maggie Harris ,,http://www.nyu.edu/calabash/vol2no1/,Harvest.pdf,,Harvest,
by Quraysh Ali Lasana ,,http://www.nyu.edu/calabash/vol2no1/,the leaving.pdf,,"the 
              leaving",
by Quraysh Ali Lasana ,,http://www.nyu.edu/calabash/vol2no1/,truth.pdf,,truth,
by Deanne Kennedy,,http://www.nyu.edu/calabash/vol1no2/,I Glad Fuh De Res.pdf,,"I Glad Fuh 
        De Res",
by Dorus Vrede,,http://www.nyu.edu/calabash/vol1no2/,Return To Old Lombe.pdf,,"Return 
        to Old Lombe",
by Monique S Simon,,http://www.nyu.edu/calabash/vol1no2/,Raven In My Arms.pdf,,"Raven In 
        My Arms",
by Deanne Kennedy,,http://www.nyu.edu/calabash/vol1no2/,The Eleven Plus.pdf,,"The Eleven 
        Plus",
Bonafide Rojas,,http://www.nyu.edu/calabash/vol2no2/,0202144.pdf,,Life: (un)titled,
Colin Robinson,,http://www.nyu.edu/calabash/vol2no2/,0202146.pdf,,The Mechanic,
Christian Campbell,,http://www.nyu.edu/calabash/vol2no2/,0202149.pdf,,Woy,
Peggy Garrison,,http://www.nyu.edu/calabash/vol2no2/,0202150.pdf,,Customs,
Peggy Garrison,,http://www.nyu.edu/calabash/vol2no2/,0202151.pdf,,Edgy,
Peggy Garrison,,http://www.nyu.edu/calabash/vol2no2/,0202153.pdf,,Right Ripe,
by Quraysh Ali Lasana ,,http://www.nyu.edu/calabash/vol2no1/,paregoric.pdf,,paregoric,
by Quraysh Ali Lasana ,,http://www.nyu.edu/calabash/vol2no1/,heaven.pdf,,heaven,
by Patrick Sylvain ,,http://www.nyu.edu/calabash/vol2no1/,Marooning.pdf,,Marooning,
by Patrick Sylvain ,,http://www.nyu.edu/calabash/vol2no1/,A Palace of Mourners.pdf,,"A 
              Palace Of Mourners",
by Patrick Sylvain ,,http://www.nyu.edu/calabash/vol2no1/,Rhythms Memories Whips.pdf,,"Rhythms, 
              Memories & Whips",
by Enith Martin Williams ,,http://www.nyu.edu/calabash/vol2no1/,Prison Bread.pdf,,"Prison 
              Bread",
by Robert Edison Sandiford,,http://www.nyu.edu/calabash/vol1no2/,The Many Faiths Of Sir Wilfred.pdf,,"The 
              Many Faiths Of Sir Wilfred Knight",
by Myriam J A Chancy,,http://www.nyu.edu/calabash/vol1no2/,Recovering History Bone by Bone.pdf,,"Recovering 
        History Bone By Bone: An Interview With Edwidge Danticat",
by Edwidge Danticat,,http://www.nyu.edu/calabash/vol1no2/,A Taste Of Coffee.pdf,,"A 
        Taste Of Coffee: An Essay",
by Nydia Ecury,,http://www.nyu.edu/calabash/vol1no2/,Promises Should Be Kept.pdf,,"Promises 
        Should Be Kept",
Peggy Garrison,,http://www.nyu.edu/calabash/vol2no2/,0202154.pdf,,Switching,
Peggy Garrison,,http://www.nyu.edu/calabash/vol2no2/,0202156.pdf,,When ,
Jacqueline Joan Johnson,,http://www.nyu.edu/calabash/vol2no2/,0202162.pdf,,Search,
Jacqueline Joan Johnson,,http://www.nyu.edu/calabash/vol2no2/,0202163.pdf,,Bruised Fruit (Pantoun -- A Variation),
Jacqueline Joan Johnson,,http://www.nyu.edu/calabash/vol2no2/,0202164.pdf,,Small Things God,
Jacqueline Joan Johnson,,http://www.nyu.edu/calabash/vol2no2/,0202166.pdf,,Bedstuy Notebook,
by Lourdes Vazquez ,,http://www.nyu.edu/calabash/vol2no1/,The Southernmost Point.pdf,,"The 
              Southernmost Point",
by Jacqueline Bishop ,,http://www.nyu.edu/calabash/vol2no1/,Brown Girl In The Ring.pdf,,"Brown 
              Girl In The Ring",
by Gus Edwards ,,http://www.nyu.edu/calabash/vol2no1/,Calypso Man's Blues.pdf,,"Calypso 
              Man's Blues",
by James Carmicheal ,,http://www.nyu.edu/calabash/vol2no1/,This Place.pdf,,"This 
              Place",
by Billison O Hainsley ,,http://www.nyu.edu/calabash/vol2no1/,Fight On The Playground.pdf,,"Fight 
              On The Playground",
by Patricia J Saunders ,,http://www.nyu.edu/calabash/vol2no1/,The Meeting Place of Creole.pdf,,"The Meeting Place of Creole Culture: A 
              Conversation With Earl Lovelace",
by Nydia Ecury,,http://www.nyu.edu/calabash/vol1no2/,No Matter What.pdf,,No Matter What,
by Nydia Ecury,,http://www.nyu.edu/calabash/vol1no2/,Which Other One.pdf,,"Which Other 
        One",
by Fabian Adekunle Badejo,,http://www.nyu.edu/calabash/vol1no2/,Modern Literature in English.pdf,,"Modern 
        Literature In English In The Dutch Windward Islands",
by Opal Palmer Adisa,,http://www.nyu.edu/calabash/vol1no2/,A Writer In The Carribean.pdf,,"A 
        Writer In The Carribean",
by Dominique Brebion,,http://www.nyu.edu/calabash/vol1no2/,The Visual Art Of The Francap.pdf,,"The 
        Visual Art of the Francophone Carribean",
C.M. Harclyde Walcott,,http://www.nyu.edu/calabash/vol2no2/,0202167.pdf,,The Seed,
C.M. Harclyde Walcott,,http://www.nyu.edu/calabash/vol2no2/,0202168.pdf,,Imagining,
by Kevin Clark Power ,,http://www.nyu.edu/calabash/vol2no1/,Cruising.pdf,,"Cruising: 
              Contemporary Art of the Anglophone Carribean",
by Patrick Sylvain ,,http://www.nyu.edu/calabash/vol2no1/,Death and Apathy.pdf,,"Death 
              & Apathy at the Crossroads",
by Shara McCallum ,,http://www.nyu.edu/calabash/vol2no1/,Writing the Self.pdf,,"Writing 
              the Self, the Self that Writes",
by Rose Mary Allen ,,http://www.nyu.edu/calabash/vol2no1/,Tur hende a papia un ko.pdf,,"Tur 
              hende a papia un ko - African Curacoan Women",
by Micheal A Brown,,http://www.nyu.edu/calabash/vol1no2/,Espana inmortal.pdf,,"España 
        inmortal - Lorenzo Homar's Prints",
by Gerard Dapena,,http://www.nyu.edu/calabash/vol1no2/,Tropical Excess.pdf,,"Tropical 
        Excess: Carribean Art & The Baroque",
by Edward J Sullivan,,http://www.nyu.edu/calabash/vol1no2/,Spirit Travellers.pdf,,"Spirit 
        Travellers: Painting By Edouard Duval-Carrie",
by Duval-Carrie Edouard,,http://www.nyu.edu/calabash/vol1no2/,The Landing.pdf,,Artist Statement,
by Tony Monsanto,,http://www.nyu.edu/calabash/vol1no2/,Monsanto Statement.pdf,,Artist Statement,
by Michela A Calderaro,,http://www.nyu.edu/calabash/vol1no2/,True Music Of The Spheres.pdf,,"True 
        Music Of The Spheres: A Review Of Paule Marshall's The Fisher King",
by Michela A Calderaro ,,http://www.nyu.edu/calabash/vol2no1/,Words Give Love Too.pdf,,"Words 
              Give Love Too: A Review",
"by Christine Y Kim, Franklin Sirmans",,http://www.nyu.edu/calabash/vol2no1/,Micheal Richards.pdf,,"Micheal 
              Richards",
